Unnamed: 0,letter,xbox,ybox,width,height,onpix,xbar,ybar,x2bar,y2bar,xybar,x2ybar,xy2bar,xedge,xedgeycor,yedge,yedgexcor
495,R,4,8,4,5,4,6,8,9,4,7,5,8,2,7,5,11
583,A,4,12,6,8,5,7,4,2,1,8,1,8,2,7,2,7
2100,B,3,7,5,5,7,9,8,4,3,6,7,7,4,11,7,7
422,P,5,10,5,8,4,6,10,6,5,9,8,3,2,10,4,7
781,R,4,11,5,8,3,5,8,9,4,8,6,8,3,8,6,11
795,P,5,8,7,11,12,7,11,5,0,9,7,6,6,10,6,8
209,R,6,9,8,7,8,8,8,6,5,9,7,7,7,8,6,12
780,A,2,4,3,3,0,10,2,2,1,8,2,9,1,6,1,8
358,A,2,8,4,4,1,8,4,3,2,7,2,8,3,6,2,8
1791,B,4,9,7,6,5,8,8,4,7,10,5,5,2,8,6,10
105,A,3,5,4,4,3,8,7,2,4,7,8,8,4,9,3,6
1215,P,6,9,8,7,4,7,10,2,7,14,5,3,3,8,5,8
80,R,1,3,2,2,2,7,7,4,4,7,4,6,2,7,4,8
603,R,8,13,7,8,5,7,7,5,5,9,4,9,7,4,7,11
430,B,5,9,7,7,6,8,8,4,7,10,5,6,2,8,6,10
238,R,2,0,2,1,1,6,10,7,2,8,5,8,2,7,4,10
1542,A,6,11,6,6,4,12,3,5,2,11,3,10,6,4,4,10
207,P,8,10,7,5,3,8,10,5,3,12,4,4,4,9,4,8
1717,P,4,9,5,5,3,3,13,8,1,10,6,3,1,10,4,8
926,A,4,9,6,7,4,12,2,4,4,10,2,9,2,7,3,8
382,B,3,2,4,3,3,8,7,5,6,8,7,5,5,8,5,10
678,A,2,8,4,6,2,9,4,3,2,7,1,8,3,7,2,8
893,P,9,11,7,6,3,8,9,6,4,12,2,5,4,10,4,8
1055,B,6,10,8,8,9,8,7,6,6,7,6,6,2,7,6,10
2099,B,3,5,5,3,3,10,7,3,6,10,5,6,2,9,6,10
754,B,3,6,4,4,4,6,8,5,4,6,5,7,3,8,5,7
278,P,6,11,8,8,5,5,11,7,4,11,7,2,1,10,4,6
455,P,3,9,3,5,3,4,11,8,3,9,6,3,1,10,4,8
1828,A,3,10,5,7,2,6,6,3,1,6,0,8,1,6,1,7
1185,A,2,4,4,3,1,11,2,3,1,9,2,10,2,6,2,9
2077,R,3,6,5,4,5,7,7,4,4,7,6,8,6,9,6,6
1247,B,5,11,7,8,8,7,8,8,6,7,5,5,4,6,10,12
1334,P,4,6,5,7,6,9,7,4,3,6,6,8,6,12,5,4
1683,P,4,9,6,6,4,7,11,7,3,11,5,3,2,10,4,8
11,R,4,8,6,6,5,10,7,1,5,11,2,7,3,7,3,10
2118,R,3,7,4,5,1,5,10,8,4,7,4,8,3,7,6,11
1967,B,2,1,3,1,2,7,7,4,5,7,6,6,1,8,5,9
1961,P,11,13,8,7,4,6,12,6,5,14,6,2,4,10,4,8
507,P,6,11,9,8,7,9,8,3,5,13,5,5,3,9,4,9
1938,B,3,7,4,5,4,8,8,5,6,7,5,6,2,8,6,9
768,P,4,6,6,10,9,8,12,5,0,10,7,5,5,10,6,8
1675,B,5,11,8,8,7,9,7,4,6,10,5,6,3,8,6,10
359,A,3,4,6,6,2,7,6,3,0,7,0,8,2,7,1,8
949,A,4,8,6,6,5,9,5,2,5,8,2,5,3,4,3,7
265,A,6,10,6,5,4,11,3,6,2,12,1,10,4,3,3,10
2038,R,3,6,4,4,2,5,10,9,2,7,4,8,2,7,6,11
1031,P,6,11,7,8,3,4,13,9,2,10,6,4,1,10,4,8
1862,B,4,10,5,7,7,8,7,6,5,8,6,6,6,9,5,10
239,P,3,4,5,2,2,7,10,3,4,12,4,3,1,9,3,8
948,B,4,6,5,4,4,9,7,3,6,10,4,6,2,8,5,10
352,R,2,4,3,3,2,8,7,4,5,9,4,7,2,7,3,10
411,R,2,4,4,3,3,8,7,4,5,8,5,7,3,7,4,11
627,P,5,7,5,5,3,7,10,6,4,11,5,4,1,10,3,8
1879,B,5,12,7,8,8,7,8,6,4,6,4,5,5,7,7,7
98,A,3,9,5,6,3,10,3,2,2,8,2,10,3,5,3,6
402,A,2,4,4,4,2,7,3,2,2,6,2,8,2,5,2,7
313,A,4,10,6,7,2,5,3,4,2,5,1,7,3,8,3,7
900,A,3,7,5,5,3,7,3,2,2,5,2,8,2,6,2,6
404,B,5,11,5,8,7,6,7,8,5,6,7,8,2,8,8,9
839,B,2,1,3,1,2,7,7,5,5,7,6,6,1,8,5,9
213,R,1,0,1,0,0,6,9,7,3,7,5,8,2,7,3,10
13,P,4,6,4,8,3,5,10,10,5,8,6,5,2,10,4,8
702,B,4,9,5,7,6,7,7,9,5,7,5,6,2,8,8,10
761,R,3,10,4,7,5,6,9,8,4,7,7,8,2,7,5,11
1340,R,7,10,6,5,5,7,7,5,5,9,4,9,6,5,7,11
1780,B,4,4,4,6,4,7,5,9,7,6,7,7,3,8,9,10
516,R,4,10,4,7,3,5,10,9,4,7,3,9,3,7,6,11
1489,A,3,8,5,5,2,9,6,3,1,8,0,8,2,7,1,8
1019,P,4,7,5,5,3,7,10,3,6,14,5,2,0,10,3,9
947,R,4,7,4,5,2,6,10,9,4,7,5,8,2,8,5,10
818,R,2,3,4,2,2,8,6,3,4,9,4,7,2,7,3,9
165,B,0,0,2,0,1,7,8,6,4,7,6,7,1,8,6,8
482,R,6,9,8,6,7,8,6,6,4,8,5,7,4,8,7,11
190,A,5,10,6,4,2,11,3,5,1,11,4,11,5,3,4,10
1107,A,4,9,6,6,2,7,4,3,2,7,1,8,3,7,3,8
595,P,8,13,7,6,3,6,10,6,3,13,5,4,4,10,4,8
607,A,3,11,5,8,4,8,4,3,1,7,1,8,2,7,3,8
618,R,3,5,4,6,3,6,11,9,5,7,1,9,3,7,5,10
1815,R,4,7,5,5,5,8,7,7,3,8,5,7,4,8,6,11
377,A,1,0,3,2,1,8,2,2,2,8,2,8,1,6,2,7
354,P,1,1,2,0,0,5,11,6,1,9,6,5,2,9,3,8
560,P,4,8,6,6,6,6,7,6,4,8,6,8,5,8,6,10
1878,R,2,3,4,2,2,8,8,4,4,8,5,7,2,7,3,10
1956,A,2,9,5,6,5,8,2,1,2,7,2,7,2,7,3,6
162,R,3,4,3,3,2,7,8,4,5,6,5,5,3,6,5,8
175,B,4,7,5,5,4,6,7,9,6,7,6,7,2,8,9,9
1072,P,4,9,5,11,10,8,9,3,0,8,7,6,8,10,6,8
795,R,2,1,2,2,2,6,7,4,4,6,5,7,2,7,3,8
1439,P,2,1,3,2,1,4,10,3,5,10,8,6,0,9,3,7
1195,P,3,6,4,4,3,5,11,7,3,10,7,3,1,10,3,6
529,R,4,7,6,5,4,10,7,4,6,10,3,6,3,7,4,11
309,A,3,5,5,5,4,9,8,3,4,6,8,6,4,10,4,5
445,R,5,9,8,6,5,11,6,3,6,11,1,6,4,5,3,10
874,B,4,7,4,5,5,6,8,8,5,7,6,7,2,8,7,9
1655,P,4,9,4,4,3,8,8,3,4,12,5,4,3,11,5,7
1049,P,1,1,2,2,1,5,10,5,4,10,8,4,0,9,3,8
834,R,1,1,2,1,0,6,9,7,3,7,5,8,2,7,4,11
246,B,4,7,6,5,6,8,8,5,5,7,6,8,6,8,8,3
867,P,2,1,2,1,1,5,9,4,4,9,7,4,1,9,3,7
1604,R,4,9,5,7,5,9,6,3,5,9,3,7,3,6,3,11
1628,B,5,9,7,8,7,8,8,3,6,10,5,6,3,7,6,8
623,P,4,9,4,7,4,5,10,9,3,9,6,5,0,10,3,8
994,P,4,11,6,9,6,7,9,5,5,9,8,3,2,10,4,6
2151,A,5,9,6,7,7,8,8,8,4,6,6,8,3,9,8,4
835,B,3,4,5,3,3,6,8,3,5,10,6,6,2,9,6,9
819,P,3,5,5,3,2,7,9,5,3,11,6,3,1,11,3,8
929,R,2,4,4,3,2,9,7,3,5,10,3,5,2,6,3,10
5,R,1,1,2,1,1,6,9,7,3,7,5,8,2,7,4,11
352,P,7,8,9,10,11,8,11,2,4,7,9,6,6,9,7,5
1343,P,4,10,4,7,4,4,11,8,2,9,6,4,1,10,3,8
917,A,3,7,5,5,5,8,8,7,4,6,6,7,2,8,6,5
1566,P,7,10,9,8,5,7,10,2,7,14,6,4,0,10,1,9
1100,P,4,8,4,5,2,5,10,9,5,9,6,5,2,10,4,8
2094,A,2,4,4,6,2,7,3,3,3,8,1,8,3,6,3,7
428,R,3,8,5,6,4,10,7,3,6,11,3,7,3,7,2,10
418,R,4,9,7,7,4,7,8,6,6,8,5,7,3,8,5,10
1102,A,1,1,2,2,0,7,4,2,0,7,2,8,2,7,1,8
887,A,1,0,2,0,0,7,4,2,0,7,2,8,2,7,1,8
850,R,5,9,8,6,9,9,7,4,4,6,7,8,7,9,8,6
791,P,2,4,4,3,2,8,9,3,4,12,4,4,4,10,4,8
62,P,6,11,5,6,3,8,7,5,3,12,3,6,5,10,4,8
1650,A,3,5,5,3,2,11,2,3,2,10,2,9,2,6,2,8
681,A,2,1,3,1,1,7,3,1,0,7,2,8,3,6,1,8
1033,A,4,11,6,8,3,7,3,3,1,6,1,8,3,6,3,8
224,A,2,4,4,4,1,8,2,3,2,7,2,8,2,6,2,7
1166,A,3,9,6,6,4,11,3,2,2,9,2,9,3,5,3,8
1892,R,5,9,7,8,7,8,8,4,6,8,4,8,4,5,5,11
227,B,5,8,6,6,6,10,6,2,6,10,4,7,4,7,4,10
99,A,2,1,3,1,1,7,4,2,1,7,2,9,2,7,1,6
1778,A,4,7,5,5,3,8,2,2,2,6,2,8,2,6,3,6
985,B,4,4,4,7,4,6,8,9,7,7,6,7,2,8,9,10
2029,P,3,7,5,5,4,5,11,8,3,10,7,3,2,11,3,7
1257,A,5,9,7,7,5,8,3,1,2,6,2,6,3,5,4,7
1172,B,3,1,5,3,3,8,7,5,6,6,5,7,2,8,7,10
452,A,3,9,5,7,4,11,4,1,2,8,3,9,4,5,3,8
901,A,2,7,4,6,2,10,3,2,2,9,1,9,2,6,2,8
743,B,4,7,4,5,3,6,7,9,7,7,6,7,2,9,8,9
24,P,3,6,4,4,2,7,10,7,4,11,5,3,1,10,4,7
513,R,2,6,3,4,3,5,9,7,5,7,4,9,2,6,5,10
327,P,4,8,6,6,4,5,13,6,2,12,6,1,0,10,3,7
171,R,4,6,6,4,2,9,7,5,6,9,4,7,3,7,4,11
195,P,5,7,6,5,5,7,9,5,4,8,6,9,2,9,7,10
225,B,4,2,5,4,2,7,7,4,5,6,6,5,2,8,6,10
1050,R,3,7,4,5,2,6,12,8,4,7,2,9,3,7,5,10
1086,B,6,9,5,5,4,9,7,3,5,10,5,7,6,6,7,9
718,P,4,9,6,7,3,6,13,4,2,12,5,1,1,10,3,8
230,P,3,4,5,4,2,7,9,4,4,12,4,3,1,10,3,7
1474,P,2,3,3,2,1,7,10,4,4,12,5,3,1,10,2,8
675,B,5,9,6,7,6,6,8,9,8,7,5,7,2,8,9,9
139,B,3,4,4,3,4,7,7,5,5,6,6,6,2,8,6,10
117,A,5,10,5,5,3,11,4,4,2,11,3,10,6,4,5,10
221,P,5,9,8,7,5,6,14,6,1,11,5,2,1,11,4,7
231,A,3,2,6,4,2,7,2,2,3,6,2,8,3,7,3,7
1277,A,6,10,6,6,3,12,0,4,1,11,4,12,4,4,3,11
2141,B,6,10,8,7,8,8,7,4,6,10,6,6,5,7,7,9
1589,B,2,5,4,3,3,9,7,2,5,11,5,6,2,8,4,9
1470,R,1,0,1,0,0,6,8,6,3,7,4,7,2,7,4,10
2174,B,5,4,5,7,4,6,7,9,7,7,5,7,2,8,9,10
167,A,5,9,6,7,4,9,4,3,1,8,1,9,2,7,3,8
361,P,2,2,3,4,2,6,10,4,5,10,8,4,1,10,3,7
1610,P,9,13,9,7,6,11,6,3,4,12,4,5,5,9,5,9
365,A,2,2,4,3,2,7,2,2,1,6,2,7,1,7,3,7
312,P,4,9,4,4,3,8,9,3,3,11,5,5,4,11,5,7
435,R,4,7,4,6,5,8,6,6,3,8,5,7,4,7,7,10
1119,B,2,3,3,2,2,8,7,2,5,10,5,7,2,8,3,9
167,R,5,8,6,5,4,9,8,4,7,9,3,7,3,6,4,11
558,R,5,7,6,5,6,8,9,7,3,8,4,6,5,7,7,9
282,B,1,0,1,0,0,7,7,6,4,7,6,7,1,8,5,9
191,R,5,9,4,6,4,6,10,8,3,7,4,8,2,7,5,11
219,R,5,8,8,7,9,8,7,4,3,8,4,7,7,7,6,5
1899,P,4,8,6,6,4,5,11,4,6,11,9,4,4,10,4,7
909,A,1,0,2,0,0,7,4,2,0,7,2,7,1,6,1,8
1362,R,3,6,3,4,3,6,10,8,4,7,5,8,2,7,4,11
107,A,2,5,4,4,2,5,2,2,2,5,2,8,2,6,2,6
1856,P,4,9,6,6,3,4,13,5,4,13,6,2,0,9,4,8
812,B,2,3,3,2,2,7,7,5,5,7,6,5,2,8,5,9
772,A,10,14,8,8,4,11,1,3,0,10,4,11,3,4,3,10
347,R,5,10,7,9,10,6,9,3,4,6,7,10,8,9,9,7
226,P,3,6,4,5,2,4,12,8,2,10,6,4,2,11,4,8
1827,A,2,3,4,3,2,7,2,3,1,5,2,8,2,7,3,5
1347,P,5,4,6,6,7,8,8,3,3,6,8,7,5,10,5,5
1846,A,3,6,5,4,3,8,2,2,3,7,2,8,1,6,2,7
1068,B,4,10,6,7,5,11,6,3,8,10,3,8,2,8,5,12
432,P,3,1,4,2,1,6,9,5,5,9,7,4,1,9,3,7
749,P,5,5,5,8,3,3,14,8,1,11,7,2,0,10,4,8
1219,P,6,9,5,4,2,6,10,6,3,11,5,5,5,9,4,8
552,B,2,5,3,3,3,8,8,3,5,10,5,6,4,7,5,9
590,R,3,7,5,5,3,8,8,5,5,8,5,7,3,7,5,10
1124,A,7,14,7,8,6,10,3,5,2,10,5,12,7,1,5,11
871,B,3,5,6,4,4,9,6,3,5,10,5,7,2,8,5,10
55,P,3,7,5,5,3,7,10,3,5,13,5,3,2,10,3,8
530,B,5,11,7,8,6,9,8,4,7,10,4,6,2,8,6,10
1150,P,3,8,5,6,3,4,12,4,6,11,9,3,0,9,4,6
593,R,4,9,6,7,4,10,7,3,6,11,2,7,3,6,3,9
609,B,3,2,3,3,3,7,7,5,5,6,6,6,2,8,6,9
733,P,5,10,5,7,5,5,11,5,5,11,9,3,1,10,4,7
268,B,5,9,7,6,9,8,6,5,4,7,6,9,7,9,7,9
2025,B,7,10,5,7,4,6,7,5,5,10,6,8,4,7,8,9
1977,P,3,5,5,3,3,7,10,6,3,11,4,3,1,10,3,8
557,P,2,4,4,2,2,8,9,3,3,12,4,4,1,10,2,9
732,A,3,8,6,6,4,10,5,1,4,8,2,6,2,7,4,8
157,B,4,7,5,5,5,8,6,6,6,6,6,6,2,8,7,9
301,P,1,0,2,1,0,5,11,7,1,9,6,4,1,9,3,8
2019,P,3,4,4,3,2,5,10,4,4,10,8,4,0,10,4,7
205,P,5,8,6,10,9,8,9,3,2,6,8,7,6,11,6,4
1440,A,3,6,5,4,1,10,3,3,1,8,1,8,3,6,2,8
354,P,1,3,3,1,1,8,7,3,3,11,4,5,2,9,2,9
199,P,4,10,5,8,4,5,11,3,7,11,9,4,0,10,4,7
441,B,4,2,5,4,4,8,7,5,6,6,6,5,2,8,7,10
1081,P,3,4,3,5,2,3,14,8,2,12,7,3,0,10,4,8
1199,A,4,10,7,8,5,12,2,2,3,9,2,9,2,7,2,8
496,R,5,8,8,7,8,8,8,3,3,6,4,8,7,8,6,4
1822,A,3,8,5,6,2,6,4,3,0,6,2,7,2,7,2,6
1469,R,7,10,9,9,11,7,7,3,5,6,6,9,7,9,7,6
1353,R,4,4,5,6,3,4,13,8,4,8,3,9,3,7,7,11
360,R,5,8,8,7,9,8,7,3,3,7,4,8,7,9,6,5
16,R,5,9,8,6,9,7,7,3,4,6,6,10,6,9,7,6
538,B,2,7,4,5,3,6,7,6,5,6,5,7,2,8,7,9
2054,R,4,9,6,8,6,7,6,4,5,6,5,7,3,7,5,9
1824,B,4,7,4,5,3,6,8,9,8,7,5,6,2,8,9,9
50,B,6,10,8,8,9,7,6,5,6,9,5,8,4,9,7,10
438,P,9,13,8,7,4,8,7,5,5,11,3,6,5,9,4,8
1446,B,4,8,7,6,4,8,8,4,7,10,5,6,2,8,6,10
248,B,1,2,2,1,1,7,7,7,5,6,6,7,1,8,7,9
101,P,3,5,6,4,3,7,10,4,3,12,4,3,2,10,2,8
419,R,3,7,3,5,4,7,9,6,5,8,5,9,3,6,6,10
613,B,8,12,6,6,4,9,6,4,6,10,5,9,5,7,7,10
982,P,3,7,4,5,3,4,12,6,4,12,9,3,0,10,3,6
2104,P,3,5,4,8,7,8,7,5,1,7,6,7,6,9,5,9
1421,B,1,0,1,1,0,7,7,6,4,7,6,7,1,8,5,9
88,P,3,6,5,4,3,7,10,4,4,12,4,3,1,9,3,8
1504,B,2,5,5,3,3,9,6,3,6,10,4,7,4,7,6,9
770,B,5,8,7,6,5,10,5,3,7,11,4,7,2,8,5,12
548,P,4,9,6,6,4,5,10,6,5,9,8,3,1,10,4,6
411,B,3,4,5,3,3,8,7,3,5,9,5,7,2,8,4,8
236,A,3,8,5,6,3,9,2,2,4,8,2,8,2,6,3,7
288,R,6,11,9,8,7,7,8,5,7,7,5,6,3,6,6,9
543,R,4,8,5,6,4,7,8,6,5,7,6,8,3,7,6,9
408,P,3,10,4,8,4,3,12,7,2,11,8,4,0,10,3,7
1901,A,3,5,4,4,2,8,2,2,2,7,2,8,2,6,3,7
803,P,4,5,7,7,6,8,10,2,3,8,9,5,6,10,5,5
2031,P,3,9,4,6,3,4,10,8,2,10,6,4,1,10,3,8
146,B,5,10,7,8,7,10,6,3,8,9,4,8,3,7,5,10
899,P,7,10,10,8,6,7,14,5,2,13,4,0,0,10,4,7
106,B,6,8,8,6,6,9,6,4,8,10,5,6,2,8,6,10
190,P,6,6,6,9,3,3,14,8,1,11,6,3,1,10,4,8
1790,P,4,7,5,5,4,5,11,3,6,10,9,6,4,10,3,8
445,P,1,3,2,1,1,5,10,3,4,10,8,5,0,9,3,7
1722,B,4,9,4,8,6,7,9,8,5,7,5,7,2,7,7,10
228,A,1,3,3,2,1,6,3,2,3,5,2,8,1,6,1,7
1186,A,1,3,3,2,1,9,2,3,1,8,2,8,1,6,1,8
1670,A,3,4,5,3,2,10,2,3,2,9,3,9,2,6,2,8
1300,P,4,7,6,10,9,8,11,5,0,9,7,6,4,10,5,9
20,B,5,10,5,8,4,6,8,10,6,7,6,7,3,8,9,10
882,P,7,9,9,7,5,8,11,7,4,11,4,3,2,10,4,8
1067,R,4,7,5,5,5,7,7,4,6,6,5,7,3,7,4,8
681,A,3,6,6,5,4,9,7,4,5,6,9,5,4,10,4,5
1861,B,4,10,6,7,7,8,6,4,4,6,5,7,4,9,5,8
1098,P,4,7,5,5,3,5,13,5,4,13,6,2,1,8,2,7
1986,A,2,7,5,5,3,11,2,2,2,8,4,9,3,5,3,8
919,A,4,5,7,7,2,7,6,3,0,7,0,8,2,7,1,8
536,A,3,8,5,6,3,12,3,2,1,9,2,9,2,7,3,9
228,P,5,11,7,8,6,7,7,7,5,8,7,8,2,9,7,9
94,R,5,9,4,5,2,5,12,8,5,7,3,9,3,8,5,11
1144,A,2,4,4,2,2,11,2,1,1,9,2,9,2,7,2,9
1001,R,3,7,5,5,5,5,8,3,4,6,5,9,4,7,6,5
1934,P,3,4,5,3,1,7,9,3,4,11,4,2,1,10,2,8
390,A,5,11,8,8,5,12,1,3,3,10,1,9,3,7,4,8
421,B,3,8,3,6,4,7,6,7,5,8,6,7,2,8,7,9
1187,A,4,9,6,6,4,10,2,1,2,8,3,9,5,5,3,7
1534,B,5,8,7,6,7,7,7,5,4,7,5,7,4,9,6,7
1583,B,1,3,2,0,1,8,7,3,4,10,5,7,1,8,3,9
703,B,7,14,7,8,6,10,6,4,5,10,4,7,7,6,9,9
1699,A,4,5,6,4,4,8,8,3,4,6,7,7,6,8,4,4
728,B,2,3,4,2,2,8,7,3,5,10,5,6,3,8,4,10
504,P,6,8,8,6,5,5,14,5,2,11,6,2,1,10,3,7
1993,A,3,4,5,3,2,10,2,1,2,8,2,9,4,5,2,9
727,P,4,6,7,4,3,8,9,3,5,13,4,3,1,10,3,9
123,B,3,7,4,5,3,6,7,8,6,7,6,7,2,8,8,10
450,P,4,11,6,8,5,6,8,5,6,9,8,3,2,9,4,7
859,A,4,10,7,7,2,8,8,2,0,7,0,8,3,7,2,8
587,P,10,15,7,8,4,7,9,5,3,11,4,5,5,9,4,7
260,R,2,1,2,2,2,6,8,4,5,6,5,7,2,7,4,8
379,P,4,9,6,5,6,7,9,3,6,8,7,4,6,10,4,7
1714,P,11,13,9,8,4,7,8,6,4,11,4,6,5,9,5,8
865,R,2,5,5,4,5,7,8,3,3,7,5,8,6,8,4,8
903,B,8,12,6,6,4,8,6,5,5,11,4,10,6,6,7,11
345,B,4,9,4,4,3,11,6,3,5,9,5,8,6,7,7,10
1221,P,3,8,4,5,2,5,10,11,4,8,6,5,2,10,4,8
656,A,3,7,6,5,3,12,3,3,3,11,1,7,2,6,2,9
788,R,7,10,7,5,5,7,5,4,5,8,4,9,6,8,6,7
125,A,2,9,5,7,4,9,3,1,2,7,3,8,2,6,4,7
1590,P,3,5,5,4,2,7,10,4,3,11,3,3,1,10,3,8
742,A,2,3,4,2,1,11,2,3,1,9,2,9,1,5,2,8
150,B,9,13,7,8,5,6,8,5,8,10,6,8,6,6,7,9
47,B,3,6,4,4,4,8,7,3,4,7,6,7,4,8,5,8
378,A,3,2,5,3,2,8,1,2,2,6,1,8,2,5,2,7
800,A,3,10,5,6,3,9,3,2,3,7,1,8,2,6,2,7
412,B,1,0,1,0,1,7,7,7,4,7,6,7,1,8,6,8
616,R,2,3,3,2,2,8,8,3,5,9,4,7,2,7,4,10
192,A,4,5,6,4,6,7,8,3,5,7,8,9,8,10,3,6
1513,B,4,7,6,5,6,11,7,3,6,10,4,6,2,7,4,10
939,B,1,5,4,4,3,8,8,3,5,10,6,6,4,7,6,9
457,R,9,14,9,8,7,5,8,2,6,8,4,10,8,5,7,5
535,B,1,0,2,1,1,7,8,7,5,7,6,7,0,8,6,8
219,B,6,9,9,7,6,11,5,3,8,11,3,7,3,8,6,12
680,R,6,10,7,7,6,8,9,4,5,8,4,8,3,6,6,11
1860,A,4,9,6,7,4,12,2,3,3,10,2,9,2,6,4,8
2171,A,4,7,6,5,2,8,3,2,3,9,1,8,2,7,2,7
2105,B,4,8,6,6,7,8,7,6,3,7,8,7,6,10,8,9
48,B,7,10,9,8,8,8,7,5,7,10,6,6,3,9,7,10
804,P,8,12,7,6,4,8,9,2,4,12,5,4,3,10,6,6
1466,A,3,6,5,5,3,12,3,2,1,9,1,8,2,6,3,8
1895,P,5,10,7,7,6,7,10,5,3,11,5,3,1,10,3,8
223,B,4,8,4,6,5,6,7,8,6,6,6,7,2,8,8,9
557,A,7,9,5,5,3,8,3,3,1,7,4,12,5,6,4,7
306,A,3,5,5,3,2,8,2,1,2,6,1,8,2,6,2,7
2134,A,2,6,4,4,1,7,5,4,1,6,0,7,2,7,1,7
361,A,2,4,4,3,2,10,3,2,2,9,2,9,2,7,3,10
688,P,4,11,5,8,2,3,13,8,2,11,5,3,1,10,4,8
369,A,1,3,2,2,1,12,2,3,1,11,2,9,2,7,2,8
1867,B,3,6,5,4,4,7,8,5,5,9,6,6,3,7,7,8
1520,B,4,11,6,8,8,7,7,6,5,7,6,6,3,8,6,10
697,R,3,10,4,7,3,6,9,11,5,7,5,8,3,8,5,10
1380,P,5,10,7,7,4,10,8,3,5,12,4,4,2,9,4,8
2062,B,4,5,4,8,4,6,9,10,7,7,5,7,2,8,9,10
508,A,5,11,7,9,5,10,2,2,3,9,1,7,3,8,4,8
2122,A,6,11,8,8,8,8,9,8,5,6,6,8,3,7,8,5
502,B,8,15,8,8,6,10,6,4,5,10,4,7,6,6,8,9
641,A,3,7,5,4,2,7,3,3,3,6,2,8,3,6,3,8
866,R,9,15,9,8,7,9,7,4,7,9,2,7,6,5,7,7
1844,A,3,10,5,7,4,12,2,3,3,10,2,9,3,8,4,9
2058,P,5,8,7,6,6,8,5,7,5,7,6,6,4,9,6,10
217,P,3,7,3,4,2,4,12,8,2,10,6,4,1,9,4,8
616,B,5,7,8,6,9,9,6,4,4,8,6,8,7,9,8,7
733,A,3,9,6,7,4,12,4,2,2,10,2,10,2,6,3,7
1687,P,3,4,6,2,2,9,10,5,3,11,4,3,1,10,2,7
1482,A,3,2,5,4,2,8,2,2,2,7,3,8,2,8,2,7
1692,P,6,10,6,7,2,5,10,10,6,8,5,5,2,10,4,8
830,A,3,9,6,7,5,8,2,3,1,7,2,8,5,8,6,7
125,R,2,2,3,3,2,7,7,5,5,6,5,6,2,7,5,8
34,P,2,7,4,6,3,4,10,5,4,11,8,4,1,10,3,7
314,R,2,4,2,3,2,7,7,5,5,6,5,7,1,7,4,8
166,B,3,8,5,6,4,9,6,4,7,10,5,6,2,8,6,9
1013,B,6,9,8,6,8,7,8,5,5,7,5,6,4,9,6,7
355,P,2,3,4,1,2,8,8,3,3,11,4,5,1,8,2,8
30,P,2,1,3,2,2,6,9,5,5,9,7,4,1,9,4,7
316,R,3,7,6,4,3,8,8,4,6,9,3,8,3,7,4,11
1414,P,4,9,6,6,4,5,13,5,3,13,6,2,0,10,2,8
1177,B,6,11,8,8,7,9,7,4,7,10,4,6,3,8,6,10
1666,A,4,10,6,8,4,13,2,4,3,11,1,10,3,7,4,10
1093,R,2,2,3,2,1,6,6,4,5,7,6,6,2,7,4,9
763,R,1,3,2,1,1,7,7,4,5,5,5,7,2,7,4,8
1214,B,4,6,5,4,5,7,6,6,7,6,6,6,3,9,6,10
311,P,2,3,2,2,1,6,11,5,3,10,8,2,0,9,3,6
467,B,3,7,6,6,7,8,6,5,5,7,6,8,8,10,7,6
726,A,4,10,7,7,2,7,5,3,1,7,1,8,3,7,2,7
2010,A,6,9,9,8,8,7,8,2,4,6,7,8,6,5,5,6
816,B,2,6,3,4,3,6,6,7,5,7,6,7,2,8,6,9
791,A,2,3,4,5,1,8,6,3,1,8,0,8,2,7,1,8
707,R,7,11,10,8,10,5,8,3,5,6,5,10,9,9,8,7
644,P,4,10,6,8,6,5,10,5,5,10,8,3,1,10,5,6
387,A,5,11,7,8,7,8,7,7,4,7,6,9,4,8,8,3
1883,B,4,8,6,7,7,8,8,6,6,7,6,6,2,8,6,10
56,P,4,6,5,4,3,5,11,5,4,11,8,3,0,10,4,6
348,P,2,1,2,1,1,5,10,7,2,9,6,4,1,9,3,9
1754,A,4,9,8,7,5,11,3,1,2,8,3,9,6,5,3,8
806,R,2,4,4,3,3,7,8,4,3,9,5,8,2,6,3,10
615,P,4,9,6,7,4,7,10,4,6,12,5,3,1,10,5,8
1560,A,2,4,4,4,2,7,2,2,2,6,2,8,2,7,2,7
362,A,3,5,6,4,2,10,2,2,3,8,1,9,4,6,2,9
257,R,3,2,4,3,3,7,7,5,6,6,4,6,3,7,4,8
324,B,6,10,8,8,7,9,8,2,7,10,4,7,4,7,5,10
1621,R,2,1,2,2,3,7,8,5,5,6,4,8,2,7,4,8
911,P,7,9,9,7,5,7,12,8,3,10,5,3,2,12,5,8
443,P,6,9,5,5,3,6,11,6,2,11,5,4,4,10,4,8
1330,B,6,10,9,8,9,8,7,6,5,9,7,6,6,10,9,10
435,B,8,11,5,6,4,10,6,6,6,11,4,9,6,6,6,10
514,A,3,8,5,6,3,11,3,2,2,8,2,9,2,5,3,9
619,B,2,1,3,2,2,8,7,5,6,7,6,5,2,8,6,9
931,P,4,11,5,8,4,4,11,4,6,11,10,3,0,10,4,6
555,R,3,6,5,4,3,6,8,5,5,6,4,8,3,6,4,7
124,B,3,3,5,4,3,6,8,8,7,7,5,6,3,8,9,10
1110,B,6,9,8,7,6,10,6,3,7,10,3,8,6,8,7,11
796,B,4,10,5,7,5,8,7,6,7,6,6,7,2,8,7,10
320,A,4,10,7,8,5,12,3,2,1,9,2,9,2,6,2,8
38,P,4,8,5,6,4,4,11,4,6,11,9,5,0,10,3,7
720,P,4,8,4,5,2,4,14,8,1,11,6,3,0,10,4,8
427,R,3,4,5,3,3,8,7,3,5,10,4,7,2,7,4,10
546,A,3,7,5,5,2,10,2,2,2,9,2,8,2,6,4,8
1541,R,1,1,3,2,2,7,7,5,5,7,5,6,5,7,3,8
990,P,4,7,5,5,4,6,9,6,5,9,7,4,2,10,4,7
1106,A,4,8,6,7,6,10,8,2,4,6,7,7,5,8,5,5
797,A,3,7,5,5,3,8,2,2,2,7,1,8,2,7,3,8
494,P,7,12,6,6,3,8,9,7,5,14,4,4,4,10,4,7
624,B,4,7,4,5,3,6,7,8,7,7,6,7,2,9,9,10
1128,B,7,11,7,6,5,9,6,3,5,10,5,7,7,7,7,8
759,B,5,9,7,7,6,7,9,5,6,10,6,6,3,8,7,8
1190,P,4,8,5,6,3,7,10,4,4,12,5,3,1,10,2,8
283,R,5,5,6,8,3,6,11,9,4,7,3,8,3,7,6,11
271,B,3,8,5,6,4,8,7,7,6,7,6,6,1,8,7,10
1125,A,1,0,3,0,1,7,3,2,0,7,2,8,1,6,1,8
2069,P,4,9,4,6,4,4,12,7,1,10,6,4,1,10,3,8
640,A,7,14,6,8,4,12,2,3,2,12,4,11,4,4,4,10
1133,B,4,6,5,4,6,9,7,4,4,6,7,7,6,9,7,7
1512,B,4,8,6,6,6,9,6,4,6,10,4,7,3,8,5,10
55,R,2,3,3,2,2,8,9,3,5,9,3,7,2,7,3,11
368,B,6,10,6,7,5,6,5,9,7,6,6,6,2,8,10,10
511,B,5,11,5,8,4,6,8,10,7,7,5,7,3,8,9,10
229,R,2,9,4,7,4,6,9,8,3,7,5,8,2,7,5,11
1285,B,7,11,9,8,7,8,6,4,7,10,5,6,3,8,6,10
2140,P,4,6,5,4,4,7,9,3,6,8,8,4,1,10,4,7
1156,B,2,1,4,3,4,8,7,6,6,7,6,5,2,8,6,10
662,A,4,9,6,8,6,9,7,4,6,6,9,5,5,11,4,4
176,A,3,2,5,5,2,6,4,4,1,6,1,8,3,7,2,7
61,R,3,5,5,4,4,8,7,4,5,9,4,7,3,7,4,10
596,P,5,11,5,8,4,3,13,7,1,11,6,3,0,10,3,8
816,R,4,7,4,4,2,5,11,8,3,7,4,8,2,7,6,11
1669,A,3,7,5,5,2,7,5,3,0,6,1,8,2,7,2,7
1634,R,6,9,6,4,4,5,8,3,5,7,4,10,4,6,6,6
194,A,2,4,4,2,2,11,2,4,2,10,2,10,2,5,2,9
903,P,0,3,3,1,1,7,9,4,3,11,5,4,1,9,1,8
606,R,4,8,5,6,5,9,7,2,5,10,3,6,3,6,4,10
1950,R,3,9,4,6,4,6,8,8,4,7,5,8,2,7,5,11
197,A,2,4,3,4,1,11,3,2,2,9,2,9,1,6,2,8
1834,R,3,6,4,4,5,6,8,8,4,7,6,8,2,8,5,11
210,R,3,4,4,5,2,6,10,9,4,7,4,8,2,6,5,9
657,B,3,7,5,5,5,8,6,5,6,6,6,6,2,8,5,10
1767,B,2,3,4,2,2,9,7,1,5,10,5,6,2,8,4,9
1192,B,2,1,2,1,1,7,7,7,5,6,5,7,1,8,7,10
388,B,1,0,1,0,1,7,7,6,4,6,6,7,1,8,5,9
1472,A,5,11,8,7,4,8,2,2,3,6,2,8,5,7,6,8
264,B,2,3,3,2,2,8,7,2,5,11,5,6,2,7,4,9
868,R,3,8,4,4,2,5,10,9,5,7,4,8,3,6,6,11
335,A,2,7,4,4,2,7,6,3,0,7,0,8,2,7,1,7
2,P,7,10,7,6,4,7,10,3,6,13,5,4,3,11,5,6
622,R,7,11,9,8,6,9,8,4,7,9,3,7,3,6,5,11
1579,R,2,4,4,3,2,8,7,3,5,10,4,7,2,7,3,10
1575,A,3,8,5,5,2,10,5,3,1,8,1,9,2,7,2,9
551,R,2,3,5,2,2,8,7,4,4,9,4,6,2,7,3,9
811,A,2,4,3,2,1,9,2,2,3,8,2,8,2,6,2,7
962,A,5,7,7,6,5,9,8,3,4,7,8,8,5,5,5,4
8,R,3,6,4,4,3,9,7,3,5,10,4,8,2,7,3,11
2056,P,10,15,9,8,6,7,10,4,6,14,5,3,4,9,7,5
1580,A,1,4,2,1,1,9,4,1,2,8,3,9,1,6,2,8
285,A,3,11,6,8,3,11,2,3,3,10,1,9,3,7,3,8
1234,B,3,9,6,7,4,8,7,3,7,6,6,5,6,8,5,9
974,P,5,4,6,6,2,4,13,8,2,10,6,3,1,10,3,7
2011,R,2,8,3,6,2,5,11,8,4,7,4,9,2,7,6,11
1723,B,6,9,9,8,10,7,7,5,4,7,6,8,7,9,8,6
283,R,4,6,6,4,6,8,7,4,4,6,7,8,5,10,7,6
314,P,5,9,7,6,4,9,8,4,6,11,4,5,2,9,4,9
735,B,4,9,6,6,7,9,7,4,3,6,7,7,7,10,7,6
2063,P,3,5,6,4,3,7,10,4,4,12,5,3,1,10,3,7
785,A,7,11,5,6,3,10,0,2,2,10,4,12,3,4,3,8
1620,B,6,9,6,4,5,8,8,4,4,9,6,7,6,7,8,6
1745,P,2,4,2,2,2,5,10,4,4,10,8,4,1,10,3,7
741,B,2,6,3,4,3,7,6,8,5,6,7,8,2,9,7,9
410,R,4,4,4,5,2,5,11,7,4,7,4,8,3,7,6,11
312,A,3,11,7,9,4,11,3,2,3,9,2,9,5,5,3,9
2003,P,4,9,4,6,5,6,9,7,4,9,7,4,2,10,4,7
640,A,3,5,4,8,2,8,5,3,1,7,0,8,2,7,2,8
1711,R,3,3,3,4,2,6,9,9,4,7,5,7,3,7,5,11
766,P,2,3,4,2,2,7,9,3,4,12,5,4,0,10,2,8
422,R,4,10,3,7,5,5,10,7,3,7,3,9,2,6,5,11
370,B,8,14,6,8,5,7,8,5,6,10,6,8,6,6,8,11
1568,A,2,4,4,3,2,8,2,2,1,8,2,9,2,7,2,8
457,R,3,2,4,3,3,6,7,4,6,6,5,7,3,7,5,8
1616,A,6,14,6,8,5,11,3,4,2,11,3,11,5,3,4,11
1796,A,2,5,4,4,2,11,3,3,3,11,2,9,2,6,2,8
1284,P,3,2,3,4,2,6,9,5,5,9,7,3,1,10,4,6
1397,R,6,10,8,8,6,6,7,5,6,6,5,8,3,6,6,9
2013,A,3,7,4,4,2,11,2,3,2,10,1,8,2,6,2,8
641,A,3,2,5,3,2,8,2,2,2,7,1,8,2,7,2,7
95,P,3,7,5,5,3,6,12,4,5,13,5,2,0,9,3,8
1413,B,4,9,5,6,4,7,8,7,4,7,5,6,4,7,6,6
427,A,2,2,4,4,3,8,2,2,2,8,2,8,2,6,3,7
1117,P,4,8,7,6,6,8,10,6,4,10,4,4,3,11,4,9
144,B,3,7,5,6,7,7,7,5,4,7,6,7,6,9,7,7
253,P,2,3,4,2,1,8,11,4,3,10,4,2,0,9,3,8
568,R,4,8,5,6,3,6,10,9,4,7,5,8,3,8,6,11
748,P,4,8,4,4,3,9,8,4,3,11,4,5,4,11,5,7
829,P,6,7,8,9,10,9,9,3,2,6,8,7,6,10,6,4
216,P,6,11,5,6,3,5,11,5,3,13,6,4,4,11,4,8
570,B,3,7,4,5,4,7,8,7,6,7,5,6,2,8,7,11
394,A,2,9,5,6,4,12,2,2,3,10,2,9,2,6,3,8
659,R,6,11,9,7,7,9,7,4,6,9,3,8,4,5,4,11
166,P,4,7,6,5,3,5,12,6,2,12,4,2,1,10,3,8
3,R,4,9,5,7,4,9,8,4,6,9,3,7,2,7,4,11
2148,A,3,10,7,8,4,14,3,4,3,12,0,8,2,6,2,9
908,B,2,3,3,2,2,9,6,2,6,10,4,7,1,8,4,10
94,R,4,10,5,8,3,5,10,9,3,7,5,8,3,8,6,11
676,A,6,8,8,7,7,6,7,3,5,7,8,10,8,11,4,7
1051,P,6,10,6,8,6,4,11,8,3,9,7,5,1,10,3,8
696,R,4,10,4,7,3,5,11,9,4,7,3,9,3,7,6,11
824,A,4,9,6,6,2,10,5,3,2,8,1,9,2,7,2,8
561,B,7,13,7,6,6,10,5,4,5,9,5,8,6,8,8,9
864,R,5,10,8,8,5,9,8,4,6,9,3,7,3,6,5,11
213,A,2,3,3,1,1,8,2,2,1,6,2,7,2,6,1,7
906,A,3,6,5,4,2,8,2,2,2,7,1,8,2,6,3,7
1252,B,2,4,3,3,2,8,7,3,5,9,7,6,3,8,5,8
1443,B,4,7,6,5,5,7,8,5,5,9,6,6,2,7,6,7
1146,A,4,9,7,7,5,7,2,1,2,5,2,7,4,7,5,7
704,B,4,8,6,5,3,8,8,4,7,10,5,6,2,8,6,10
1453,B,3,2,4,3,2,8,7,5,6,7,6,6,2,8,6,10
645,P,6,6,8,8,9,6,7,5,3,8,7,6,7,13,6,9
1613,A,3,5,5,8,3,7,6,3,1,7,0,8,3,7,1,8
860,P,4,8,6,6,4,3,13,7,2,11,8,4,0,9,3,8
709,A,4,11,6,8,4,12,2,3,3,11,1,9,3,6,3,9
297,B,3,6,5,4,5,8,8,6,6,7,6,6,2,8,6,9
1162,B,7,9,9,9,7,9,7,4,7,10,5,6,2,8,6,10
1338,A,4,9,6,6,2,7,4,3,2,7,1,8,3,7,2,8
428,P,7,10,6,5,4,10,7,4,3,12,4,5,4,11,5,9
115,R,4,6,6,4,4,9,7,3,5,9,3,7,3,7,5,11
458,P,6,11,8,8,5,7,11,6,4,12,5,2,1,11,4,9
8,B,3,7,5,5,5,7,8,7,6,7,5,7,3,7,6,10
1359,P,4,5,5,4,3,5,10,4,5,10,8,3,1,10,3,7
204,A,4,9,6,7,5,7,5,2,3,5,1,6,3,6,5,5
1171,P,11,15,9,8,4,6,10,6,3,11,4,4,5,10,4,7
267,P,3,6,3,4,2,4,12,7,1,10,6,4,1,10,3,8
149,A,1,0,2,0,0,8,4,2,0,7,1,8,2,7,1,8
840,A,4,8,5,6,4,11,2,2,2,9,3,9,3,6,3,8
433,P,4,7,5,4,3,6,11,8,2,10,5,2,1,10,4,7
1640,B,1,1,2,2,1,7,7,7,5,6,6,7,2,8,7,8
1698,B,4,6,4,4,3,6,6,8,7,6,6,7,2,8,9,10
844,P,5,11,6,8,4,4,11,10,3,9,6,4,2,10,4,8
698,P,3,4,3,4,2,5,9,4,4,10,8,4,1,11,3,7
576,A,4,7,6,6,4,8,3,2,2,6,1,7,2,6,2,7
1809,R,6,11,6,7,7,6,10,8,3,7,4,8,2,7,5,11
1900,B,4,10,4,8,4,6,6,9,6,5,6,7,2,8,9,11
846,B,7,10,9,8,8,10,6,3,7,10,3,7,5,7,6,11
25,B,4,6,6,4,2,10,7,3,8,11,3,6,1,8,5,10
666,B,4,9,5,7,4,6,9,9,7,7,5,7,2,8,9,10
407,A,4,11,7,9,5,12,3,3,3,10,1,9,3,7,4,9
295,R,6,11,6,8,4,6,10,10,4,7,4,8,3,7,6,10
1479,B,4,9,4,7,4,7,8,10,7,7,6,7,2,8,9,9
339,A,2,3,4,2,1,11,2,2,1,9,2,9,2,6,2,8
1622,P,2,2,2,1,1,5,10,8,3,9,6,5,1,9,3,8
290,B,1,1,2,1,1,7,7,7,5,6,6,7,1,8,7,8
2090,P,3,1,4,2,2,5,10,3,4,10,8,4,1,8,4,7
1696,R,3,4,4,3,3,7,8,4,5,5,5,7,2,6,4,8
95,P,5,8,7,6,4,6,12,7,2,11,5,2,1,10,4,9
280,A,2,5,4,4,2,10,2,2,2,9,2,9,2,6,2,8
338,B,4,11,6,8,8,8,8,6,6,7,6,5,2,8,6,9
68,P,2,3,4,2,3,7,10,2,4,12,4,3,1,10,2,8
510,A,2,7,4,6,2,8,3,2,2,7,1,8,2,6,2,7
1808,A,2,2,4,3,1,7,2,2,2,6,1,8,2,6,2,7
1176,B,2,1,3,1,2,7,7,5,5,7,6,6,1,8,5,9
832,R,6,10,8,8,5,7,9,5,8,5,4,10,5,3,7,9
359,P,4,7,6,10,9,8,8,4,0,8,6,6,5,12,5,7
1747,A,3,6,4,4,3,12,3,2,2,9,2,9,2,6,2,8
444,R,3,8,6,6,6,7,7,3,8,7,6,6,6,8,4,9
68,A,2,7,3,5,2,7,4,2,2,7,1,8,2,6,1,8
2129,R,5,9,7,7,6,7,7,5,7,6,5,7,4,8,6,10
2005,R,4,8,6,6,6,7,9,5,6,8,4,9,4,5,5,10
540,B,1,3,2,2,2,7,7,5,5,7,6,6,2,8,4,10
480,A,3,4,5,3,2,10,2,2,1,9,2,9,2,6,2,8
72,A,3,7,5,5,3,11,3,2,2,9,1,9,3,5,2,8
505,B,3,7,4,5,5,7,7,4,6,6,6,5,2,8,6,11
1240,B,3,6,5,4,5,9,7,4,3,6,7,7,5,9,6,7
750,P,5,11,7,8,5,5,12,4,5,11,8,2,1,10,5,5
1321,B,3,9,5,7,5,8,8,5,5,7,5,5,3,8,6,5
191,A,2,7,4,5,3,10,3,1,2,7,3,8,1,5,1,7
1533,B,2,4,3,3,2,8,7,3,5,9,6,6,2,8,5,9
487,B,4,8,6,6,8,8,7,5,3,7,7,6,6,11,8,9
776,R,3,4,4,3,2,8,7,4,5,8,5,6,2,7,4,11
728,P,1,3,3,1,1,7,10,3,3,12,5,4,1,9,2,9
841,R,3,5,4,4,5,7,8,4,6,6,5,7,3,7,5,8
2081,P,6,10,7,8,7,8,5,7,6,7,6,6,3,9,8,9
1996,P,4,7,7,5,5,5,7,7,4,7,6,8,3,10,7,9
925,B,2,7,3,5,2,6,6,9,7,6,7,7,2,8,8,10
751,B,4,7,5,5,5,7,7,7,6,8,6,7,2,8,6,10
247,A,1,0,2,0,0,7,4,2,0,7,3,8,2,7,1,8
298,P,2,3,3,2,1,7,9,4,3,11,4,3,1,10,2,8
601,P,4,7,6,9,7,6,8,6,2,9,7,6,9,12,7,8
371,P,1,2,3,3,2,5,10,4,4,9,8,4,1,10,3,7
1735,P,5,9,6,6,3,5,12,9,2,9,5,4,1,10,4,8
857,R,8,10,6,6,4,6,8,5,5,9,6,9,8,6,7,11
1201,R,4,7,6,5,4,10,7,3,6,11,2,6,3,7,4,10
336,P,2,3,3,1,1,8,9,4,3,12,4,4,1,9,2,9
729,A,2,4,4,6,2,7,3,3,3,7,1,8,3,6,3,8
242,R,10,14,8,8,5,8,8,6,5,9,4,9,7,5,6,11
607,A,2,8,4,6,3,13,3,4,3,10,1,8,2,6,3,9
909,B,2,3,3,1,2,7,7,4,5,7,6,6,1,8,5,10
686,P,3,6,4,4,2,9,9,3,4,13,4,3,1,10,3,9
608,R,5,9,6,8,6,5,8,6,6,6,4,10,4,6,6,10
14,A,4,7,6,6,5,8,8,2,4,7,7,8,5,7,4,6
2121,B,4,8,6,6,5,7,8,5,6,10,6,6,3,8,7,8
269,P,2,3,3,3,2,5,10,2,4,10,8,4,0,8,3,7
956,R,7,11,8,8,9,8,6,7,5,8,6,8,8,8,6,12
1322,A,0,1,2,1,1,7,4,2,1,7,1,8,2,6,1,7
43,R,4,9,5,6,5,9,6,4,5,9,4,8,3,7,4,11
1293,P,4,7,5,5,4,8,9,4,4,11,5,5,3,10,3,7
531,R,5,8,4,5,3,5,11,9,3,7,3,8,3,7,6,11
379,A,4,8,6,8,6,7,8,2,5,7,7,8,8,6,4,7
189,R,5,9,5,4,5,7,8,4,5,9,4,9,5,7,6,7
621,B,4,2,4,3,4,8,7,5,6,7,6,6,5,8,6,10
258,P,1,0,1,0,0,5,11,6,1,9,6,5,0,9,2,8
1987,R,6,5,7,4,6,7,8,4,3,8,5,8,7,8,6,6
815,R,3,6,5,4,4,6,7,3,3,7,6,9,4,9,7,5
51,R,2,8,4,6,4,5,9,7,5,7,4,9,3,6,5,8
261,A,5,11,8,8,5,8,2,2,3,6,1,7,3,7,4,7
1929,B,2,3,3,3,2,8,7,3,6,10,5,7,2,8,4,9
927,P,6,9,6,6,3,5,10,10,5,8,5,5,2,10,4,8
549,A,4,9,7,7,4,9,4,2,3,6,1,7,2,6,2,7
1760,A,1,0,2,0,1,8,3,2,0,7,2,9,2,6,2,8
42,P,3,8,5,6,4,7,9,8,4,8,6,3,3,10,4,6
703,A,3,9,5,7,3,11,4,2,2,8,2,9,3,5,3,8
275,B,4,6,6,4,7,8,7,5,2,6,7,8,5,9,9,8
799,B,0,0,1,0,0,6,7,6,4,7,6,8,1,8,5,10
327,A,6,11,5,5,3,9,4,3,3,7,4,11,5,5,5,7
134,P,5,8,6,10,8,9,8,2,3,6,9,6,9,11,7,5
109,P,3,8,4,6,2,4,12,9,2,10,6,4,1,10,4,8
850,P,2,8,3,4,1,4,12,8,2,10,6,3,1,10,3,8
781,P,5,8,8,6,3,7,11,3,7,14,5,2,0,9,3,8
882,P,2,4,4,3,2,8,8,2,5,13,4,4,1,10,2,8
807,P,4,11,5,8,3,4,12,8,2,10,6,4,1,9,4,8
227,R,4,3,4,4,2,6,9,8,4,6,5,8,2,8,5,10
662,A,2,1,3,2,1,8,2,2,1,7,2,8,2,7,2,7
350,B,3,6,4,4,3,6,6,8,6,6,6,7,2,8,9,10
843,R,4,9,6,6,4,9,7,4,6,9,4,7,3,7,5,10
302,A,6,9,6,5,3,13,0,5,1,12,3,11,2,3,2,10
1382,P,5,8,7,11,11,8,9,4,1,8,7,6,8,10,6,8
1173,P,6,11,6,8,3,4,13,8,1,10,6,3,1,10,4,8
50,P,8,11,6,6,3,7,10,5,3,12,4,4,5,11,4,8
873,R,4,8,7,6,7,9,7,7,3,8,6,8,6,6,6,11
807,P,2,7,3,4,1,4,11,8,3,10,6,3,1,10,4,8
152,R,5,9,6,7,5,7,9,4,6,6,4,8,4,5,6,9
315,P,8,15,8,9,5,8,9,4,4,12,5,3,5,10,7,6
820,B,4,8,6,6,6,8,7,4,5,9,5,6,3,8,6,9
463,B,8,9,6,5,3,9,7,6,5,10,4,9,6,6,5,10
649,B,3,3,4,3,3,7,7,4,6,6,6,6,5,8,6,10
706,B,4,11,5,9,4,6,5,10,7,6,6,7,2,8,8,10
966,A,3,2,5,3,2,7,2,2,2,8,1,8,2,6,2,7
563,B,1,0,1,1,2,7,7,7,4,5,6,7,1,8,6,9
1664,A,1,3,3,2,1,7,3,2,2,7,2,8,2,6,2,7
968,B,3,3,4,5,3,6,6,8,7,7,6,7,2,8,9,10
367,A,5,12,8,8,5,11,2,3,2,9,2,9,5,7,4,9
1572,R,5,7,6,5,5,9,7,6,3,8,5,6,4,7,7,8
1685,B,2,7,3,5,2,6,7,8,6,7,6,7,2,8,8,9
100,B,3,5,4,4,3,8,7,7,6,5,5,6,2,8,6,10
13,R,3,6,3,4,2,6,9,9,4,7,4,7,2,7,5,10
1345,P,5,11,5,8,3,5,10,10,4,9,6,5,2,10,4,8
1207,A,3,7,5,5,3,11,2,2,2,9,2,9,3,6,4,9
1910,P,3,6,5,9,7,8,13,3,1,9,8,6,4,11,2,7
1919,B,4,8,5,5,5,7,8,5,5,9,8,6,3,6,6,7
1710,R,4,6,6,4,4,9,8,4,6,9,3,6,3,6,4,11
44,B,9,12,8,7,7,10,7,3,6,10,3,6,7,4,8,8
2131,A,4,11,6,8,4,8,2,2,3,6,1,8,2,7,2,7
1659,P,7,10,7,5,3,8,9,5,4,11,4,5,4,9,5,8
2150,B,2,5,5,3,3,8,7,2,6,10,5,7,1,8,4,10
1922,P,4,6,5,9,8,6,6,5,3,7,6,6,9,13,6,10
643,P,3,10,6,7,4,5,9,7,5,9,7,3,2,10,4,7
1009,R,10,15,9,8,5,7,7,5,5,9,5,9,7,4,7,11
2024,A,3,10,5,7,3,11,3,2,2,9,2,10,3,7,3,8
2073,A,4,5,6,9,2,8,4,3,2,7,1,7,3,6,3,8
1191,R,4,9,5,6,3,6,10,9,4,7,4,8,3,8,5,10
1582,A,2,5,4,3,2,9,2,2,1,7,2,9,2,7,3,6
71,P,0,0,1,0,0,5,9,6,1,9,6,6,2,9,2,8
1599,R,6,10,9,7,8,9,8,6,6,8,5,7,5,9,6,12
2015,P,4,6,6,4,4,9,5,8,5,6,5,7,3,7,4,9
630,B,8,11,9,8,9,9,7,4,6,9,5,6,3,8,6,9
1386,B,2,5,4,4,3,8,7,2,6,11,5,7,4,7,6,9
1729,R,7,10,9,8,7,8,8,6,6,9,5,7,4,7,6,12
1703,A,2,3,3,2,1,7,1,2,1,6,2,7,2,7,2,7
1038,A,3,9,6,7,5,7,5,2,3,5,2,6,4,5,5,5
632,R,4,11,6,8,6,8,8,4,6,9,4,8,3,6,5,11
961,A,3,7,5,6,4,7,8,2,4,7,8,9,5,8,3,6
515,P,5,10,8,8,5,8,9,5,5,12,4,3,2,10,4,8
310,R,4,3,5,5,3,6,9,10,5,7,6,8,2,8,5,10
1800,B,1,0,1,1,1,7,7,6,4,6,6,7,2,8,6,9
556,A,6,12,6,6,3,14,1,5,2,12,2,10,1,3,2,10
600,A,3,7,5,5,4,8,5,2,3,7,2,6,2,5,3,7
1297,A,5,10,8,8,6,6,5,3,4,4,2,7,6,7,7,4
784,P,6,12,6,6,4,6,10,4,4,12,6,4,2,11,5,6
1254,P,7,10,10,8,7,7,10,4,4,13,5,3,0,10,3,8
449,A,3,8,4,6,3,12,3,2,2,9,1,8,2,6,3,8
244,A,3,8,5,6,3,7,5,3,0,7,2,8,2,7,1,8
1766,A,4,9,7,7,4,12,3,3,2,9,2,9,2,6,2,8
28,R,4,8,7,7,8,9,8,4,4,7,4,8,6,7,6,4
65,R,5,9,7,7,5,10,6,3,6,10,3,7,4,5,5,10
460,A,2,3,4,3,2,7,1,2,2,7,2,8,2,6,3,7
787,R,3,5,5,4,5,7,8,3,3,7,5,7,6,8,5,7
1806,R,3,6,4,4,3,7,7,4,5,6,5,6,3,7,4,8
5,R,2,7,4,4,4,8,6,7,3,8,6,8,4,6,7,8
1016,B,5,11,7,9,7,8,7,7,7,7,6,5,3,8,8,10
637,B,3,6,4,4,4,7,7,4,6,7,6,6,2,8,5,10
162,R,2,3,4,2,2,9,7,2,5,10,3,6,2,7,2,10
851,R,1,0,2,1,1,6,9,7,3,7,5,7,3,7,5,11
154,R,8,11,7,6,5,9,6,3,5,9,3,8,6,9,7,9
33,R,5,9,5,7,5,6,8,8,4,6,5,7,3,8,6,13
669,B,5,11,7,9,9,8,7,5,6,6,6,5,3,8,6,10
824,P,3,4,5,3,2,7,10,3,4,12,4,2,1,10,2,8
176,R,3,0,3,2,3,7,8,5,5,7,5,7,2,6,4,8
713,A,2,3,4,2,2,7,2,1,2,7,2,8,2,7,2,7
2177,B,2,1,2,1,2,7,7,7,5,6,6,7,0,8,7,8
267,P,6,9,8,6,7,6,8,7,4,8,7,9,1,9,7,9
464,A,3,4,5,3,0,9,6,3,1,8,1,8,2,7,1,8
1084,A,3,9,4,6,3,7,4,3,1,6,2,8,2,7,3,8
1460,B,4,9,6,6,6,8,7,5,6,9,6,6,3,9,7,8
1970,B,4,6,5,4,4,7,9,5,6,10,6,6,2,8,5,8
2051,P,3,3,5,2,2,8,11,4,3,12,4,2,1,9,2,9
1948,B,4,11,5,7,4,6,8,9,7,7,6,7,2,8,10,10
168,B,3,7,3,5,3,6,7,9,6,7,6,6,2,8,8,11
999,P,2,1,2,1,1,5,11,7,2,9,6,4,0,9,3,8
366,A,3,9,5,7,3,12,3,4,3,11,1,9,2,6,3,9
1406,P,4,1,3,2,2,5,10,4,4,10,8,4,0,9,4,7
1540,R,4,6,6,4,4,10,7,3,6,11,2,7,3,6,4,10
743,A,1,9,4,6,2,7,4,4,2,6,1,8,2,8,2,8
119,P,6,11,6,8,3,4,13,9,2,10,6,4,1,10,4,8
1184,B,8,10,6,5,5,9,7,4,5,9,4,7,6,7,9,9
443,A,2,7,4,4,2,11,3,3,2,10,2,9,2,7,2,8
397,B,4,7,4,5,3,6,8,7,6,7,6,7,2,8,9,10
916,P,3,9,5,7,5,6,9,4,5,9,8,4,1,10,4,7
1226,A,3,11,6,8,2,9,5,3,1,8,1,8,2,7,2,8
121,B,3,6,4,4,4,8,8,6,6,7,6,6,2,8,7,9
1726,P,5,7,7,5,3,7,11,3,6,14,5,2,0,10,2,8
803,P,3,4,5,6,6,8,9,5,0,8,6,6,5,9,4,8
1291,A,6,9,9,8,8,8,8,4,5,7,7,8,5,8,4,5
196,P,6,8,8,6,4,9,7,4,7,12,4,5,4,8,5,8
693,B,4,10,6,8,7,8,8,4,5,10,5,5,3,8,5,10
2053,P,5,10,7,8,6,7,11,6,3,11,5,3,2,11,3,9
206,A,3,5,5,3,2,8,2,2,2,7,1,8,2,6,2,7
1258,P,6,10,7,8,7,6,8,6,4,8,7,8,5,9,7,10
677,A,3,9,6,7,4,10,3,2,2,8,2,10,4,3,3,8
1840,P,4,9,6,6,3,7,9,3,4,12,5,4,2,9,2,8
1877,A,3,8,6,6,6,8,8,7,4,6,6,8,3,7,7,4
734,P,12,14,10,8,4,8,9,6,5,14,2,4,5,10,5,8
1510,R,3,7,3,4,2,5,10,8,4,7,4,8,3,7,5,11
801,R,1,0,2,1,0,6,9,7,3,7,5,8,2,7,4,12
35,P,6,11,9,8,5,6,12,4,4,12,5,2,1,10,4,9
552,R,6,10,6,8,3,5,11,9,4,7,4,8,3,6,6,11
343,B,5,9,8,8,9,7,7,5,4,7,6,8,7,10,9,11
2116,R,2,6,4,4,2,8,7,4,5,9,4,7,3,7,4,10
2107,B,4,5,5,4,4,7,7,5,6,7,6,6,2,8,6,10
2037,B,4,8,6,6,5,7,9,4,5,9,6,5,3,7,8,7
783,P,5,9,7,7,4,9,7,3,6,13,4,5,5,10,5,10
960,R,5,11,6,8,6,6,7,6,6,7,6,7,5,8,5,8
37,A,5,11,6,8,3,9,3,3,3,8,1,9,3,6,3,9
669,R,4,11,4,8,3,7,9,10,5,7,6,8,3,8,6,11
1955,R,3,3,4,5,2,5,12,8,4,7,3,10,3,7,6,12
575,B,4,10,5,7,4,7,8,9,7,7,5,7,2,8,9,9
837,R,2,2,4,4,3,7,7,5,5,6,5,6,3,7,4,8
1528,B,1,3,3,2,2,8,7,3,5,9,6,7,2,8,4,8
383,B,9,14,7,8,4,9,6,6,6,11,3,9,6,7,7,10
1366,P,4,6,4,8,3,4,11,10,3,10,6,4,1,11,4,8
405,R,3,7,4,5,4,8,8,7,2,7,5,6,4,6,8,8
686,R,5,11,7,8,6,10,7,3,5,10,3,7,3,7,4,10
1672,B,5,9,6,7,5,7,9,9,7,7,5,7,2,8,9,10
12,R,3,5,6,3,4,8,8,3,5,9,4,7,3,6,3,11
1021,P,8,8,5,4,3,9,7,5,5,13,3,5,5,9,4,8
2138,P,4,5,5,4,3,5,10,4,5,10,8,3,1,10,4,6
2039,B,3,6,4,4,4,9,7,3,5,11,3,7,2,8,4,10
1141,P,3,9,5,6,4,6,9,3,6,10,9,4,4,11,4,7
126,P,6,11,9,8,7,8,9,4,5,13,5,3,4,10,4,7
368,B,5,9,7,7,5,9,7,4,7,10,5,6,2,9,6,10
200,B,4,10,3,8,7,7,6,9,6,7,7,7,2,9,8,10
907,B,6,9,8,7,8,8,7,5,6,9,6,6,4,10,6,9
391,B,5,11,5,8,5,7,9,10,7,8,5,6,2,8,10,11
284,B,5,11,5,8,4,6,6,10,7,6,7,7,2,8,9,10
629,P,5,11,5,9,6,6,10,9,5,8,7,5,2,10,3,8
1089,B,3,8,6,7,6,8,7,4,5,7,6,7,4,8,6,9
2119,B,4,7,4,5,3,6,7,9,7,7,6,8,2,8,9,10
233,A,5,10,5,6,3,10,3,5,2,11,6,13,5,4,5,10
350,B,4,10,6,8,8,8,7,5,6,7,7,5,3,8,6,9
1851,P,2,3,4,2,2,7,9,3,5,12,5,4,0,10,2,8
483,P,4,5,6,7,7,6,8,5,3,8,7,6,7,12,6,9
1744,A,1,2,3,2,1,11,2,3,2,10,1,9,1,6,2,8
1952,P,4,8,6,11,10,7,9,7,1,8,6,6,7,12,8,10
828,P,4,10,5,8,5,7,9,6,6,9,6,3,2,10,4,7
1148,A,2,4,4,6,2,8,3,3,3,7,1,8,3,6,3,8
827,B,5,9,8,7,7,9,7,3,6,11,4,7,3,7,5,9
538,A,5,11,8,9,8,7,7,7,4,8,5,8,4,9,10,1
61,P,6,9,8,7,6,5,14,6,2,12,6,2,1,10,3,7
2078,B,4,7,6,5,7,9,6,4,4,6,6,7,7,8,6,7
946,R,5,5,5,6,3,5,12,8,3,7,2,9,3,7,6,11
512,A,4,9,6,7,2,7,7,3,0,6,0,8,2,7,2,8
731,P,5,9,7,8,6,8,10,7,4,10,4,3,2,11,4,8
224,B,4,7,5,4,4,9,9,3,5,10,5,5,3,8,6,9
448,A,6,13,5,7,3,8,1,2,2,9,4,12,2,5,4,6
1431,P,4,8,6,6,4,6,7,6,4,7,6,9,5,8,6,10
665,A,3,9,6,7,4,12,3,2,2,9,2,9,2,6,2,8
18,B,2,4,3,3,3,7,8,5,5,7,6,6,2,8,6,9
1908,A,2,1,4,1,1,7,4,2,0,7,2,8,2,6,2,8
631,R,6,10,8,8,9,9,7,4,4,8,4,6,8,10,7,4
414,A,5,9,6,7,4,10,3,2,2,8,2,10,5,5,3,8
858,B,5,11,8,9,9,8,6,5,6,9,5,7,3,8,6,10
1255,A,3,7,5,5,3,11,2,3,2,10,1,9,3,7,2,9
23,A,3,5,5,3,2,9,2,1,2,8,2,9,3,6,2,8
749,B,4,9,4,7,4,6,7,9,7,7,6,7,2,8,9,10
632,P,4,9,4,6,2,3,13,8,2,11,7,3,1,10,4,8
1313,R,7,12,7,6,5,11,6,3,5,10,3,8,7,8,6,10
1995,R,3,5,5,3,3,9,6,3,5,10,4,7,3,6,4,9
875,P,4,9,4,6,2,5,11,11,4,10,6,4,1,10,4,9
721,B,5,10,7,7,7,11,6,2,6,10,2,7,4,7,6,11
869,B,3,2,3,4,3,7,7,5,5,7,6,6,5,8,5,10
2023,R,4,9,5,5,2,5,12,8,4,7,2,9,3,7,6,11
1180,A,6,11,8,8,8,8,7,6,5,6,6,9,7,8,7,3
1648,B,7,12,6,6,6,8,8,5,5,8,7,7,6,7,8,6
879,R,5,11,6,8,3,5,10,9,4,7,4,8,3,7,6,11
831,B,8,13,6,7,4,9,6,5,5,11,4,9,6,6,7,10
505,A,1,0,2,0,0,7,4,2,0,7,2,8,2,7,1,8
1040,P,9,11,7,6,4,6,9,6,3,11,5,5,5,9,5,8
2161,P,4,6,4,9,8,7,6,6,1,7,5,7,4,10,6,11
1188,B,5,10,5,8,4,7,8,9,7,7,5,6,2,8,8,10
426,B,5,7,7,5,5,8,8,4,6,10,5,6,3,8,6,10
1947,R,7,9,7,6,9,7,8,3,5,5,6,9,5,9,7,6
187,R,4,9,4,5,3,9,7,3,5,9,3,8,5,7,6,8
2040,A,3,8,5,6,2,7,6,3,1,7,0,8,2,7,1,8
440,A,5,10,8,8,5,11,3,1,2,8,2,9,4,6,3,7
935,R,3,8,4,5,2,6,10,9,4,7,4,8,3,6,5,11
488,B,5,10,7,8,7,8,7,7,6,6,6,5,2,8,7,9
628,P,1,0,2,0,0,5,10,6,1,8,6,5,0,10,2,7
2046,B,3,7,5,5,7,8,6,5,3,7,6,8,6,10,8,7
179,A,5,8,8,7,7,8,7,3,4,7,8,9,5,10,3,6
503,A,4,9,6,7,6,8,7,8,4,7,6,8,3,8,8,4
328,P,4,7,6,11,10,8,10,4,0,9,6,6,7,10,5,8
1918,B,2,1,3,2,1,7,8,4,5,6,6,5,3,8,5,9
31,B,3,9,3,6,3,6,7,8,5,7,6,7,3,8,7,8
963,A,2,7,4,4,1,7,6,3,1,6,0,8,2,6,1,8
672,P,4,1,5,4,4,5,10,5,4,10,8,4,1,10,3,7
917,B,4,8,4,6,5,6,8,8,6,7,5,7,2,8,6,9
502,R,4,8,6,6,4,10,8,3,7,10,0,7,3,6,4,10
553,P,5,7,7,5,3,7,11,4,6,13,6,3,1,10,3,8
16,A,3,7,4,5,2,12,3,4,3,10,3,10,2,6,3,9
596,B,4,8,5,6,6,6,7,8,5,7,6,6,2,8,7,9
363,R,3,6,4,6,3,6,10,10,4,7,4,8,3,7,5,10
25,B,5,9,5,7,5,6,7,9,7,7,6,7,2,8,9,9
475,B,3,8,2,5,4,7,7,8,5,7,6,7,2,8,6,9
697,R,4,9,5,6,4,9,8,6,6,8,5,7,3,8,5,10
788,R,4,6,6,6,6,6,8,4,3,6,5,9,7,6,7,8
193,R,5,11,5,8,6,6,9,9,5,6,5,7,3,8,5,11
817,B,6,12,6,7,6,9,7,3,5,9,5,8,6,7,8,9
303,A,3,9,5,7,3,11,3,4,4,11,2,9,2,6,3,8
1881,P,6,4,5,6,2,4,13,9,1,10,6,3,1,10,4,8
614,A,1,1,2,1,0,7,3,2,0,7,2,8,2,7,1,8
2149,A,5,6,7,5,6,6,7,3,5,7,8,10,7,10,3,8
506,A,3,6,5,5,4,9,7,3,5,7,8,6,4,10,4,5
1233,B,2,3,3,1,2,7,8,5,6,7,6,7,1,8,5,9
904,P,8,12,7,6,3,7,9,6,4,13,4,5,4,10,4,8
232,R,5,10,5,7,7,8,7,7,4,8,5,7,4,7,7,10
627,R,2,0,2,1,1,8,11,8,2,7,5,8,2,7,4,10
541,P,3,1,4,3,2,5,10,3,5,9,8,4,3,10,3,7
722,A,3,9,5,6,2,10,2,2,2,8,2,10,3,4,4,7
1245,B,2,0,2,1,0,7,6,7,5,7,6,7,1,8,7,8
341,B,3,4,4,6,3,6,8,9,7,8,6,7,2,8,9,9
134,R,6,8,9,7,9,7,7,3,3,7,5,8,7,8,7,5
1893,P,4,7,5,6,4,6,9,6,5,9,7,4,3,10,3,7
592,B,4,3,4,3,3,8,7,5,6,6,5,6,2,8,6,10
1267,P,5,11,6,8,6,6,6,6,4,8,7,9,5,9,7,10
262,P,2,4,4,3,2,7,8,3,4,12,5,4,1,10,3,8
676,A,3,4,5,3,2,8,2,2,2,7,2,8,2,6,3,7
461,R,2,4,4,2,2,8,8,3,5,10,4,7,2,6,3,10
1799,R,4,7,5,5,3,6,10,9,5,7,5,8,2,8,5,10
1923,A,7,15,7,8,5,10,2,5,2,11,5,12,6,3,6,10
376,B,5,10,5,8,7,7,8,8,6,8,6,6,2,8,8,9
1045,R,1,0,3,1,1,6,9,7,2,7,4,8,2,8,5,11
1821,P,4,7,5,5,6,5,9,6,4,8,7,9,2,9,7,10
1087,A,3,6,5,5,3,8,5,3,1,7,1,8,2,6,1,8
995,P,4,8,6,6,5,6,9,7,4,9,7,4,2,10,2,7
944,A,1,0,2,1,0,7,3,2,0,6,2,8,3,6,1,8
282,B,4,8,6,6,6,8,8,4,5,8,6,6,3,9,4,9
1963,A,4,10,7,7,3,12,3,4,3,12,1,9,2,7,3,9
148,A,2,4,4,5,2,8,6,3,1,8,0,8,2,7,2,8
930,A,4,9,6,7,4,7,5,3,0,6,1,8,2,7,0,7
878,P,6,10,4,5,3,6,9,6,3,10,4,6,3,9,4,7
835,A,4,11,7,8,4,12,2,3,3,10,2,9,3,7,4,9
633,P,6,7,8,9,10,9,9,3,3,6,9,6,6,10,7,4
259,R,8,14,8,8,6,8,8,3,5,9,4,8,6,6,7,7
1471,R,9,13,7,7,4,9,5,5,6,9,4,9,6,6,7,11
927,A,2,4,2,1,1,6,2,2,1,5,2,8,1,6,0,7
11,R,6,8,8,6,7,9,8,3,7,9,3,8,4,5,4,11
476,R,3,6,5,4,5,6,6,3,4,8,6,9,5,10,7,5
1761,P,2,2,4,4,2,4,10,4,4,10,8,4,1,10,3,6
1447,A,2,7,5,6,4,6,8,3,4,7,7,9,5,9,3,7
1310,B,5,10,7,8,8,8,7,5,7,7,6,5,2,8,6,10
937,A,3,2,5,4,2,10,2,2,2,9,2,8,1,6,3,8
1982,P,3,4,4,6,2,3,14,7,2,11,7,3,0,10,4,8
122,P,4,10,5,7,3,5,10,10,3,9,6,4,2,10,4,8
333,R,4,5,5,3,4,7,7,5,6,7,5,6,5,7,4,8
504,P,3,6,3,4,2,5,10,9,4,9,6,5,2,9,3,8
1941,P,2,6,3,5,3,5,10,7,2,9,6,5,1,10,3,8
983,R,7,13,7,8,5,10,5,2,5,9,4,8,6,8,6,9
1591,A,6,11,8,8,9,9,7,8,3,8,6,7,3,8,9,3
137,P,2,4,4,2,2,7,10,5,3,12,5,3,1,10,2,8
810,P,8,12,6,7,2,8,8,5,4,12,4,7,5,9,4,8
107,A,1,0,2,0,0,7,4,2,0,7,2,8,2,7,1,8
1647,A,6,9,5,4,2,11,3,3,1,9,4,11,4,5,4,9
2052,B,3,8,5,5,4,7,7,7,6,6,6,6,2,8,7,9
1250,P,3,3,4,5,2,4,12,9,2,10,6,4,1,10,3,8
1311,R,1,0,2,1,1,5,9,7,3,7,5,7,2,7,4,10
889,R,6,10,5,5,4,7,7,3,4,7,5,9,5,8,6,7
263,A,1,4,4,3,2,10,2,2,2,9,1,9,2,6,2,9
714,A,2,6,4,4,2,11,3,3,2,10,1,9,2,6,2,8
805,B,6,9,8,7,7,7,8,7,5,6,5,6,4,9,7,6
145,A,5,7,7,6,6,5,9,3,6,7,8,11,7,9,3,8
1770,R,2,2,3,4,3,7,7,5,6,7,6,7,3,7,5,8
1925,B,2,4,3,2,2,10,7,2,6,10,4,6,2,8,4,10
1145,R,5,7,7,5,3,10,6,2,6,11,2,7,3,6,3,10
1402,B,5,11,6,8,5,6,8,9,8,7,5,7,2,9,9,10
615,P,3,7,3,4,2,4,10,9,3,9,6,5,2,10,3,8
1371,B,6,10,8,8,8,9,7,3,5,9,4,6,3,8,5,9
702,R,5,8,6,7,4,10,7,3,5,11,2,6,3,7,4,10
575,R,3,7,5,5,3,10,7,4,6,10,2,7,3,7,4,10
1527,A,2,0,2,0,0,7,4,2,0,7,2,9,1,6,0,8
1781,B,4,9,4,4,3,9,6,3,4,9,5,9,6,8,7,9
154,A,2,3,3,1,1,8,2,2,1,7,1,8,2,6,2,7
595,B,3,4,4,3,3,8,6,2,5,10,5,7,2,8,4,10
802,B,4,4,5,7,4,7,6,9,7,6,6,7,2,7,9,10
160,A,2,2,3,2,0,10,2,2,1,8,2,9,2,5,1,9
353,P,5,9,7,7,6,9,8,4,5,11,4,4,2,9,4,8
747,A,2,7,2,4,1,7,6,3,1,7,0,8,2,7,1,8
1222,R,5,10,8,8,5,11,7,3,6,12,1,6,4,5,4,11
66,P,2,4,4,3,2,7,9,3,3,12,5,4,1,9,3,8
928,B,5,9,8,6,5,9,8,4,7,9,4,5,3,7,7,10
1968,B,5,7,6,5,6,8,6,4,3,7,5,7,6,8,5,8
420,B,1,3,2,2,1,8,6,3,5,10,5,7,2,8,3,9
413,A,4,8,5,6,4,8,3,1,2,6,2,8,2,6,2,6
1727,A,2,1,4,2,1,8,2,2,1,7,2,8,2,6,2,7
337,P,8,11,8,6,6,9,8,4,4,12,4,4,5,10,6,7
1742,B,3,5,4,4,5,7,7,4,4,7,6,8,6,9,6,9
409,B,4,6,6,4,6,9,9,4,4,4,7,7,8,12,6,8
6,B,2,3,3,1,2,8,7,2,5,10,5,6,2,9,4,10
21,P,2,1,3,2,1,6,10,5,4,10,7,3,1,9,4,6
330,B,4,6,5,4,4,9,7,3,6,8,5,6,2,7,5,7
856,A,4,7,6,6,5,8,8,2,3,7,7,8,5,7,4,5
808,P,5,11,5,8,3,4,10,10,4,9,6,4,2,10,4,8
524,R,4,11,5,7,3,6,11,9,4,7,3,9,3,7,5,11
869,R,5,11,8,8,5,10,7,3,7,11,2,6,2,7,4,10
1127,B,3,6,5,4,3,9,8,2,6,11,4,7,4,6,5,9
396,P,9,14,7,8,4,7,10,6,4,13,4,4,5,10,4,8
620,B,4,3,5,5,3,6,9,8,7,7,5,5,2,8,9,10
912,B,4,8,6,6,6,7,7,6,5,9,7,6,3,7,7,8
589,R,4,8,6,6,5,8,7,6,5,9,5,7,3,8,6,11
582,B,6,10,9,8,6,9,7,4,7,10,3,6,2,8,5,10
2103,R,5,9,7,6,7,7,6,3,5,7,6,8,6,8,6,7
2153,R,4,4,4,6,3,5,11,8,4,7,2,9,3,7,6,12
1857,A,3,10,6,7,2,7,2,3,3,7,1,8,3,6,3,7
1269,A,3,6,5,6,5,7,9,2,4,7,7,9,7,7,3,8
916,P,2,4,4,3,2,8,9,5,3,11,5,4,1,10,2,8
266,P,4,6,4,4,3,7,11,5,3,12,5,2,1,10,3,8
767,B,3,1,3,2,2,7,7,5,4,6,6,6,2,9,6,9
1352,B,3,7,6,4,5,8,8,7,6,5,6,6,2,8,6,9
1559,B,4,9,6,7,5,9,6,5,6,10,6,6,3,8,7,9
0,A,3,2,6,4,2,10,1,2,2,9,1,8,2,6,2,8
658,B,4,8,6,5,5,11,6,3,7,10,3,7,2,8,5,11
376,P,8,13,7,8,5,7,9,4,4,12,5,4,4,10,7,5
705,A,2,1,3,3,1,7,2,1,2,6,2,7,2,5,1,8
521,P,4,9,4,6,2,5,10,9,4,9,6,6,2,10,4,8
33,P,3,3,4,4,2,5,11,8,3,9,6,5,1,10,4,8
270,P,6,11,8,9,6,8,9,2,5,13,5,3,1,10,3,8
1564,P,1,0,1,0,0,5,11,6,1,9,6,5,0,9,3,8
2041,P,2,4,5,2,2,8,9,3,5,13,4,3,1,10,3,8
648,B,11,14,8,8,5,9,6,5,6,11,4,9,6,6,8,11
651,P,2,6,4,9,8,8,9,4,0,8,7,7,5,9,4,7
1966,P,7,10,9,8,7,9,7,2,6,11,5,6,4,8,4,9
343,A,9,13,7,7,4,8,2,3,2,8,4,12,5,4,5,6
1354,A,4,11,8,8,3,9,3,4,3,7,2,9,3,7,3,9
385,A,2,3,3,2,1,10,2,2,1,9,2,9,1,6,2,8
137,R,3,7,5,5,5,6,7,3,3,6,6,9,5,9,7,5
738,B,3,1,3,2,3,7,8,5,5,7,6,6,2,8,6,10
253,A,4,8,6,6,3,13,3,4,3,11,1,9,2,6,2,9
2089,A,4,7,7,5,4,6,5,2,2,5,2,6,4,6,4,5
862,P,5,9,5,6,3,4,12,9,2,10,6,4,1,10,4,8
1562,B,2,2,2,2,2,7,8,5,4,7,6,6,2,8,5,9
156,P,4,8,4,5,2,4,15,8,1,12,7,2,0,9,4,8
794,B,5,8,7,6,6,7,9,5,6,10,6,5,3,7,7,8
914,R,7,13,7,7,6,8,7,3,5,9,4,8,6,5,7,6
1940,B,3,5,5,4,4,8,9,3,6,10,5,5,3,7,6,9
1139,A,5,11,7,8,5,7,4,3,0,7,1,8,3,8,3,7
1062,P,4,7,5,5,3,10,7,3,5,12,4,5,2,9,3,9
381,P,4,10,5,8,5,6,9,6,4,9,7,4,5,10,4,7
1241,R,5,7,7,5,4,10,7,3,6,10,2,6,3,6,3,10
1978,A,1,1,2,1,0,7,4,2,0,7,2,8,2,7,1,8
577,P,6,10,8,8,6,6,12,5,3,12,5,1,1,11,4,8
761,B,6,9,6,6,5,9,8,7,8,7,5,5,2,8,8,9
1167,P,3,5,5,3,3,8,9,3,4,12,4,2,2,10,3,8
1007,P,3,6,6,4,3,9,8,3,5,12,4,4,1,10,3,9
924,A,3,8,4,6,4,12,2,4,2,10,2,9,2,6,3,8
1939,A,2,8,4,6,2,12,4,3,2,10,1,9,2,6,2,8
113,R,3,5,6,4,4,9,7,3,5,9,4,6,3,7,4,10
192,A,4,8,6,7,6,7,8,2,4,7,8,8,5,8,5,6
783,A,1,3,3,1,1,6,2,0,0,6,2,8,1,6,1,7
583,B,6,11,6,8,5,7,5,9,7,5,6,7,2,8,10,10
978,R,2,1,2,1,1,6,10,7,2,6,5,8,2,6,4,10
456,B,3,5,5,4,3,10,6,4,6,10,4,7,2,8,4,11
81,R,4,8,4,6,4,5,10,7,3,7,4,9,2,7,4,11
1487,B,4,2,4,3,4,7,7,5,6,7,6,6,2,8,6,9
1506,A,2,2,4,4,2,7,2,1,2,6,2,8,2,6,2,7
455,P,5,11,8,8,5,6,11,3,7,14,7,3,0,10,3,8
263,A,4,9,7,7,5,6,5,2,3,3,1,6,5,7,5,4
1802,R,6,11,9,8,7,9,9,4,7,8,3,8,3,6,5,11
512,P,3,3,5,2,2,7,10,3,4,11,4,3,1,10,3,8
470,A,2,7,3,5,2,12,3,2,2,10,2,9,2,6,2,8
951,R,7,9,10,8,11,8,7,4,4,7,5,6,7,9,7,6
319,R,2,4,4,3,3,8,8,4,5,10,4,7,4,6,3,9
194,P,4,11,6,8,6,6,11,5,5,10,8,4,4,10,4,7
37,P,8,12,7,6,4,8,10,6,5,14,5,4,4,10,4,8
582,P,6,9,8,6,5,9,8,5,6,13,4,4,5,9,5,7
408,P,4,6,5,4,4,7,5,6,5,7,6,9,6,7,4,8
478,B,4,7,6,5,5,9,7,4,5,9,5,6,2,8,5,9
842,P,6,10,8,8,6,8,10,5,4,11,4,3,1,10,3,8
88,B,2,0,2,1,1,7,7,7,5,8,6,7,1,8,7,8
1344,A,1,0,2,1,1,8,4,2,0,7,2,8,1,7,2,8
1525,R,2,1,2,2,2,6,7,4,4,6,5,6,2,6,3,8
416,B,1,0,1,0,1,7,7,6,4,7,6,7,1,8,6,10
980,B,7,10,9,8,9,9,7,4,6,10,5,6,2,8,5,9
809,A,2,1,3,1,0,7,4,2,1,7,2,8,2,7,1,9
1823,P,5,6,6,8,3,4,12,9,2,10,6,4,1,10,4,7
214,P,1,0,2,0,0,6,11,6,1,9,5,5,0,9,3,8
1906,P,6,9,5,4,2,5,11,5,3,13,4,4,4,9,3,8
188,B,4,9,6,6,5,9,7,4,6,10,5,7,3,7,6,9
1509,B,5,10,5,8,6,8,7,7,6,7,6,6,2,8,7,10
562,P,7,12,6,7,4,9,7,4,5,13,3,5,4,10,6,8
1976,P,3,9,4,5,2,5,11,9,3,10,6,4,1,10,4,7
1302,P,2,1,3,2,2,5,9,4,4,9,8,5,1,10,3,7
1869,A,3,6,3,4,3,8,2,2,2,7,2,8,2,5,2,7
1480,P,2,7,3,5,2,3,11,8,2,10,6,4,1,10,3,7
4,P,8,12,8,6,5,9,8,4,5,13,4,3,4,10,6,8
1693,R,3,8,3,5,2,6,10,9,4,7,4,8,3,7,5,11
1434,B,2,4,4,2,3,9,7,2,6,11,5,7,4,7,5,9
1715,R,5,10,5,8,6,6,8,9,5,6,5,7,2,8,5,11
522,B,7,11,9,9,9,8,7,5,6,7,6,6,7,8,7,9
2124,R,8,14,6,8,5,8,6,5,5,9,4,9,7,5,6,11
1194,R,4,3,4,6,2,5,9,9,4,7,5,7,3,8,5,10
1594,P,2,4,4,3,2,7,9,4,3,11,4,4,1,10,2,8
714,R,3,7,4,5,4,7,8,5,6,6,5,6,3,7,5,8
532,P,6,7,8,9,8,7,10,2,3,7,9,6,6,10,6,4
1079,P,4,5,6,6,6,6,9,4,3,8,7,6,6,10,4,6
168,R,2,6,4,4,3,6,7,5,5,5,6,7,3,8,5,9
432,R,4,9,7,6,6,7,7,4,6,7,5,7,3,7,5,8
1554,P,2,3,4,1,2,7,9,4,4,11,4,4,1,9,4,8
1065,B,6,10,8,8,7,7,8,6,4,6,4,5,5,8,7,7
67,B,3,7,4,5,3,9,8,4,6,10,5,6,2,7,6,9
406,P,2,5,3,7,6,8,7,4,1,7,6,7,5,8,4,8
682,B,2,6,4,4,3,8,8,5,7,7,6,6,2,8,6,9
1681,A,5,7,7,5,7,7,7,9,4,7,5,8,4,8,8,4
1493,R,5,5,5,8,3,6,10,10,4,7,5,8,3,7,6,11
1238,P,7,10,9,8,5,9,8,3,6,13,3,3,2,10,4,9
17,P,6,10,8,8,6,7,10,4,4,13,6,3,1,10,4,8
1826,P,3,8,4,6,3,5,10,5,5,10,8,3,1,10,4,7
1544,A,2,4,4,3,2,10,2,2,2,10,2,9,3,6,2,8
288,B,1,0,1,0,1,7,8,6,4,7,6,8,0,8,6,9
1927,A,5,10,7,7,4,9,6,3,0,8,1,8,2,6,1,8
341,R,5,11,6,8,4,6,9,10,5,7,5,7,3,8,6,10
701,A,4,9,6,6,2,6,6,3,1,7,0,8,3,7,2,8
360,B,4,7,5,5,5,8,6,6,7,6,6,6,2,8,7,10
346,P,3,8,3,6,3,5,9,9,4,9,6,5,2,10,3,9
2066,P,6,9,5,4,2,5,12,5,1,12,6,4,4,10,3,8
1379,A,2,7,4,5,3,11,3,2,2,9,2,9,2,6,3,8
195,R,3,8,5,6,6,7,7,7,3,8,5,7,4,7,8,10
2173,R,3,7,4,5,4,6,8,8,3,7,5,7,2,7,4,11
1196,R,2,1,2,2,1,6,7,5,5,6,5,6,2,8,4,8
1644,B,1,3,3,2,2,8,7,2,5,10,5,7,3,9,3,9
814,B,3,4,4,3,3,9,7,2,6,10,4,7,4,7,5,9
1002,P,3,5,5,4,3,8,9,3,4,12,4,4,1,8,3,9
1704,B,5,11,5,8,4,6,8,11,7,7,5,7,2,8,9,9
942,P,3,7,3,4,2,4,11,9,3,9,6,4,1,10,3,8
1323,B,4,3,4,5,3,6,9,8,7,7,5,6,2,8,8,10
386,B,3,7,5,6,4,8,8,3,6,9,5,6,2,8,4,10
1231,B,8,12,7,6,6,8,7,5,5,9,7,8,7,8,9,8
546,R,3,6,5,5,5,6,7,5,5,6,5,8,3,6,4,8
273,R,1,0,2,1,1,6,10,8,2,7,4,8,2,7,4,10
1122,B,5,5,4,7,4,6,7,10,7,7,6,7,2,9,8,8
1570,R,4,9,6,6,8,7,9,3,5,5,6,9,4,8,8,7
972,P,3,6,5,4,3,5,11,4,5,11,8,3,1,10,4,7
461,P,6,6,8,8,8,6,11,2,3,9,9,6,5,10,5,7
614,A,1,4,5,5,1,7,6,3,1,7,0,7,2,6,1,8
1314,A,3,7,5,5,3,11,2,3,2,10,2,9,2,6,3,8
1684,A,5,11,7,7,4,8,4,2,3,7,1,8,2,7,3,7
143,P,6,6,7,8,9,7,10,3,3,8,8,6,6,11,6,5
638,R,2,3,3,2,2,6,8,4,5,7,5,7,2,7,2,8
1551,P,3,3,5,5,2,5,11,9,2,10,6,4,1,10,4,7
250,A,1,0,2,0,0,7,3,2,0,7,2,8,2,6,1,8
1658,B,2,4,4,1,2,7,7,2,5,10,5,6,1,8,4,9
1142,B,4,2,5,4,4,7,7,5,6,7,6,6,2,8,7,10
1056,R,4,3,5,5,2,5,13,8,3,6,2,9,2,6,5,11
2160,P,4,10,6,8,6,7,7,8,4,8,6,7,3,9,8,9
1728,B,5,9,7,8,9,7,7,5,4,7,6,8,6,9,8,7
1216,R,4,11,5,8,8,7,7,2,4,7,6,8,6,8,7,5
745,R,1,3,3,1,1,9,7,2,4,10,4,7,2,7,2,10
1123,B,1,1,1,1,1,7,7,7,6,6,6,7,1,8,6,9
1485,R,7,11,9,8,7,9,8,6,6,9,5,7,4,8,7,12
381,A,3,7,5,6,3,9,3,2,2,8,2,10,3,5,2,8
1181,A,6,9,6,5,3,12,3,5,2,12,3,10,5,3,3,10
958,P,2,3,3,2,1,7,10,4,3,12,4,3,1,10,2,8
776,R,2,3,4,2,2,8,8,3,5,9,4,7,2,6,3,10
498,P,7,11,6,5,4,6,12,5,2,12,6,3,3,11,5,6
1370,B,5,9,7,7,10,9,8,4,4,6,8,6,6,11,8,7
1204,B,6,9,8,7,6,9,7,3,6,11,4,6,3,8,6,10
1022,A,4,8,5,6,3,7,5,2,0,7,1,8,2,7,1,8
419,R,2,1,2,2,2,7,7,5,5,6,5,7,2,7,4,8
183,R,5,9,6,7,6,7,8,5,7,7,5,6,3,7,5,8
904,R,4,11,6,9,5,7,9,4,7,6,5,7,5,5,6,9
110,A,3,2,6,3,2,8,2,2,2,7,1,9,2,7,2,7
888,B,6,8,9,8,10,7,8,5,5,7,7,8,6,9,9,6
1577,A,5,5,6,8,2,8,3,3,2,7,1,8,3,7,2,8
2047,A,4,9,4,4,2,9,2,4,2,11,5,12,4,4,5,10
1378,A,2,5,4,3,2,11,2,2,2,9,2,9,2,6,2,8
1073,P,3,5,4,6,6,8,9,4,0,7,7,6,5,9,5,7
1198,P,6,10,5,5,2,7,8,6,3,13,5,4,4,9,5,7
499,A,5,6,7,5,5,8,8,2,5,7,8,8,5,9,3,6
1420,A,3,6,5,4,0,9,4,3,1,7,1,8,3,6,2,8
569,P,1,1,2,0,1,5,11,7,2,10,5,4,1,9,3,8
294,B,4,8,5,6,4,5,6,9,7,7,6,7,2,8,9,9
27,A,2,7,4,4,2,8,3,2,2,7,1,8,2,7,3,7
822,A,7,10,9,8,8,7,7,8,4,7,6,9,4,7,11,1
537,P,5,11,8,8,6,7,9,3,5,13,5,4,4,10,4,8
647,A,2,6,4,4,1,8,5,3,1,7,0,7,2,7,2,8
655,A,3,9,5,7,4,9,2,2,2,7,2,8,3,6,3,6
765,R,6,9,6,5,4,9,8,4,6,9,3,6,5,5,5,7
481,P,4,9,6,7,5,5,10,3,6,10,9,5,1,10,4,7
1286,B,3,6,4,4,3,11,6,3,6,12,3,7,2,8,4,12
285,P,3,5,5,3,2,8,9,4,4,12,4,3,1,10,3,8
1287,R,3,8,4,6,2,5,11,8,4,7,3,9,3,6,5,11
479,R,3,7,5,5,4,9,7,4,5,10,4,7,3,7,4,11
661,R,3,2,4,4,3,7,8,4,5,6,5,6,3,7,3,8
452,R,2,8,5,6,4,8,8,4,5,9,4,8,3,7,4,11
1651,A,3,7,5,5,3,11,3,2,2,8,2,9,3,4,2,8
710,A,2,7,4,4,1,5,4,3,2,5,1,7,2,6,2,7
1476,B,4,6,4,4,3,6,7,8,6,7,6,6,2,8,9,10
203,B,3,5,4,7,3,6,8,9,7,7,4,7,2,8,9,10
668,P,11,15,8,7,5,8,9,7,5,14,4,4,4,10,4,8
1497,P,2,1,2,1,1,5,11,8,2,9,6,4,1,9,3,8
685,B,7,11,9,7,7,9,6,5,7,9,5,6,2,9,7,10
617,R,2,4,4,3,2,9,7,3,4,9,4,7,2,7,3,10
331,A,4,11,5,8,4,8,5,3,0,7,1,8,2,6,3,7
136,B,4,8,6,6,6,8,8,4,4,8,5,7,4,8,5,7
1236,P,4,6,6,4,3,7,10,4,4,13,6,3,1,10,2,8
2169,A,7,11,6,6,3,11,2,3,2,10,4,11,4,4,4,9
509,A,2,10,7,6,3,11,3,1,1,8,2,9,2,6,2,7
579,P,2,4,3,3,2,9,8,3,4,12,5,3,1,10,3,9
730,B,4,8,6,6,5,7,7,6,6,9,6,6,3,8,7,8
1410,P,6,11,6,8,6,5,11,9,3,9,5,4,1,10,3,8
836,B,3,3,3,4,3,7,8,6,4,7,6,6,2,8,6,10
60,A,3,6,5,4,2,8,4,3,0,7,1,8,3,8,1,8
1943,B,5,9,5,4,4,10,7,3,5,9,5,7,6,6,7,9
1954,R,5,11,7,8,5,8,9,5,7,9,5,8,3,7,6,11
2087,R,3,7,5,5,4,10,7,3,5,10,2,7,3,7,3,10
1776,R,3,7,5,5,3,8,8,6,6,8,5,8,3,7,6,10
766,P,4,8,6,12,11,8,9,5,0,8,7,7,6,10,5,8
663,A,6,10,5,4,2,11,3,3,1,9,3,10,4,5,4,10
485,B,5,10,6,9,7,9,8,3,5,7,6,7,7,7,6,9
1795,P,4,6,5,8,8,8,8,5,0,8,7,6,5,10,5,9
69,R,4,7,6,5,3,9,8,4,6,9,3,7,3,6,4,11
1090,B,4,6,5,4,4,8,8,4,6,10,5,6,3,8,6,10
883,A,3,9,5,7,4,6,4,2,1,6,1,8,2,6,2,7
313,P,6,6,6,8,4,5,10,10,6,7,6,5,1,10,4,8
497,P,10,14,8,8,4,9,8,6,5,14,3,5,5,10,4,8
395,P,3,4,5,3,2,7,10,3,3,12,5,3,1,10,3,9
2097,A,3,6,5,4,3,11,2,2,2,9,2,9,3,6,3,8
412,B,5,9,8,8,9,7,8,4,4,8,7,8,7,9,8,8
1341,R,4,7,5,5,3,11,7,3,6,11,2,6,3,7,3,10
1573,R,5,10,8,10,9,6,9,3,3,6,5,10,8,6,7,9
1225,A,2,1,4,2,1,9,2,2,1,8,2,8,2,6,2,7
7,P,5,11,6,8,2,3,14,8,2,11,7,3,1,10,4,8
1985,B,6,9,8,6,6,11,5,2,7,11,3,7,4,7,5,11
2030,P,3,9,4,7,3,5,12,9,1,10,6,5,1,10,3,7
1063,R,4,6,6,4,4,6,8,5,6,7,5,7,3,7,5,8
84,B,4,9,5,8,5,8,6,7,7,6,6,6,2,8,7,9
189,A,3,8,5,6,3,12,3,2,2,10,2,8,2,6,2,8
398,P,4,12,4,8,3,4,11,10,3,10,6,3,2,10,4,8
1467,A,3,11,6,8,4,12,3,4,3,11,1,9,3,7,3,9
230,P,5,11,6,7,3,4,12,9,2,10,6,4,1,10,4,8
91,A,3,9,5,7,3,13,2,3,4,12,1,9,2,6,3,10
1804,B,7,10,9,8,6,11,5,3,7,11,3,7,5,7,7,12
525,A,5,9,9,9,7,11,5,1,5,9,1,5,3,7,5,9
69,B,5,11,8,8,11,8,7,5,3,6,7,8,7,10,9,9
76,A,2,1,3,1,0,7,4,2,0,8,2,8,2,7,1,8
1812,B,5,9,7,7,10,9,9,5,4,7,8,5,6,10,9,10
416,A,4,4,6,6,2,6,8,3,0,6,0,8,2,7,1,7
518,B,2,3,4,2,2,8,7,3,5,10,5,7,2,8,3,9
1189,A,2,1,4,3,2,6,2,2,2,5,2,7,2,6,2,6
1585,R,5,5,6,8,4,5,10,9,3,7,5,8,3,8,6,11
628,B,5,10,5,5,5,7,8,3,5,9,6,7,5,5,7,8
383,B,4,6,7,6,6,7,10,6,6,8,7,8,5,9,7,9
1462,B,3,7,2,5,4,6,7,8,5,7,5,7,2,8,7,10
764,A,3,11,6,8,2,8,7,3,1,7,0,8,3,7,2,8
814,R,2,5,4,2,2,8,7,3,4,10,4,7,2,6,3,10
2176,P,5,8,7,10,10,7,8,4,3,7,7,7,6,11,5,6
1296,P,2,0,2,1,1,5,10,4,4,10,8,4,1,9,3,7
716,R,6,11,7,8,4,6,10,9,4,7,5,8,3,8,6,11
1046,B,7,11,9,8,7,10,6,4,7,9,4,7,2,7,6,12
603,A,5,8,7,6,6,8,9,7,5,6,6,8,3,7,7,4
1557,B,7,13,6,6,4,8,6,4,5,10,5,8,6,7,7,10
862,B,5,9,7,6,6,6,8,6,5,9,7,5,3,7,8,7
2102,A,6,8,8,7,7,6,7,7,5,7,4,9,4,7,12,2
93,A,4,11,8,8,6,9,5,0,4,7,1,6,3,9,6,6
1268,P,6,7,8,10,9,6,8,4,4,8,8,6,6,11,6,6
580,A,2,3,3,1,1,8,2,2,1,7,2,8,3,7,2,7
564,P,7,11,10,8,8,7,11,6,4,12,5,3,1,10,3,8
924,B,11,13,8,7,5,7,8,5,8,10,5,8,6,6,8,11
264,B,7,15,8,8,7,11,5,4,5,10,4,8,7,6,8,10
581,P,6,9,9,7,6,6,13,7,2,12,5,2,2,11,4,8
265,B,3,7,5,5,5,7,8,6,4,7,5,6,2,8,5,7
118,R,3,9,5,6,4,6,7,6,6,6,6,6,3,8,6,8
1064,P,5,7,5,6,3,6,14,5,3,12,5,1,0,10,3,7
1080,R,1,0,2,0,1,6,9,7,2,7,5,8,2,7,4,9
996,P,5,9,5,7,5,4,11,9,2,10,6,4,1,10,3,8
554,A,4,7,5,5,2,7,5,3,0,7,1,9,1,7,1,8
307,A,5,7,6,5,6,8,7,7,4,7,6,8,2,8,8,3
1129,B,4,7,6,4,4,9,6,4,6,10,4,6,2,8,6,10
34,B,4,8,4,6,4,5,9,9,7,7,5,7,2,8,9,10
73,B,3,7,4,4,4,9,7,3,5,7,6,7,3,9,4,8
2055,R,4,7,6,4,6,8,6,7,3,7,5,7,4,7,6,7
735,P,1,7,3,4,1,3,13,8,2,12,7,3,0,10,2,8
1516,P,2,8,5,5,4,7,8,5,7,7,7,4,2,11,4,7
1217,R,6,7,7,5,5,9,8,3,5,10,3,7,3,6,4,10
832,P,7,14,7,8,5,8,9,4,4,12,5,4,4,11,6,6
30,A,5,9,6,7,4,8,2,1,2,6,2,8,2,7,3,6
1783,A,2,4,4,3,2,6,3,2,2,5,2,8,2,6,2,6
2178,R,3,4,4,3,2,7,7,5,5,6,5,6,2,7,4,8
70,P,3,6,4,9,8,8,9,5,0,8,7,6,5,10,2,7
181,B,4,5,5,8,4,6,9,10,7,8,5,6,2,8,9,10
930,P,2,1,2,2,1,5,9,3,4,9,8,4,1,9,3,6
589,B,1,1,3,3,2,8,7,5,6,7,6,5,2,8,5,10
584,A,4,9,6,6,3,12,2,4,3,11,1,9,4,7,3,9
1931,P,6,9,9,7,4,7,10,5,5,12,5,3,2,11,3,9
221,B,5,7,7,5,5,10,6,3,7,11,3,7,4,6,6,11
478,P,4,6,6,4,2,7,10,3,4,13,6,3,1,11,2,9
2146,P,4,11,5,8,6,6,9,6,4,9,8,4,1,10,3,7
1085,P,3,7,5,11,8,8,9,5,0,8,6,6,5,11,6,9
499,R,3,7,4,4,3,9,7,4,6,10,4,6,3,8,4,11
2091,B,5,10,7,7,8,8,7,6,6,6,5,6,2,8,6,10
18,A,2,3,4,2,1,6,2,2,2,5,2,8,2,6,2,6
1957,P,4,8,5,6,3,7,10,2,7,14,6,4,0,10,2,9
1320,P,4,9,5,6,3,5,10,10,5,9,6,5,2,10,4,8
1392,R,3,6,4,4,3,10,7,3,6,10,3,7,3,7,3,10
19,A,3,9,6,6,2,8,4,3,2,7,1,8,3,7,3,8
48,A,1,0,2,0,0,7,4,2,0,7,2,8,1,7,1,8
503,P,3,1,4,2,2,5,10,4,4,10,8,4,1,10,3,7
1200,R,3,6,4,4,3,10,7,3,5,10,3,7,3,7,3,11
86,B,3,6,5,5,5,6,8,6,4,8,6,8,6,8,7,8
164,A,3,5,6,4,2,8,2,1,2,8,1,8,2,7,2,7
437,A,4,11,7,8,5,12,2,2,2,10,2,9,2,6,3,8
1057,B,5,7,7,5,5,7,6,6,7,8,7,6,4,10,8,7
1752,P,3,7,3,4,2,3,12,8,2,10,6,4,1,10,3,8
831,B,4,9,4,7,3,6,8,9,8,7,6,7,2,8,9,10
675,P,2,4,4,3,2,7,9,4,3,11,4,4,1,9,3,8
1642,A,3,9,5,6,3,12,2,4,2,11,2,9,3,7,3,9
474,B,8,15,6,9,4,9,6,6,5,10,4,9,6,6,7,11
687,R,2,3,2,2,2,6,7,4,4,6,5,7,2,7,3,9
15,R,3,6,5,5,5,7,8,3,3,6,5,8,6,7,5,7
306,P,3,5,5,7,7,8,10,5,0,9,7,6,7,10,4,7
292,R,4,7,5,6,5,7,8,5,6,6,3,8,3,6,5,9
870,R,5,7,8,5,4,8,9,4,6,8,4,8,3,6,5,11
252,P,6,13,6,7,4,8,9,5,3,12,4,4,4,11,5,6
1611,B,4,10,5,8,4,6,9,9,8,7,5,7,3,8,9,10
573,B,2,4,4,3,3,8,7,3,5,10,6,6,2,8,5,8
536,P,4,8,6,6,3,6,11,3,6,14,7,4,0,9,2,8
576,B,8,10,7,7,7,7,9,4,5,9,6,7,7,6,7,6
2145,P,3,5,5,4,3,8,8,3,4,12,4,4,3,8,4,8
634,P,4,7,5,5,2,8,10,3,4,14,4,3,0,10,3,7
1147,B,5,11,7,8,9,8,8,7,6,7,6,6,2,8,6,9
315,P,4,7,6,5,3,7,12,4,5,14,5,1,0,10,3,8
363,A,3,8,5,6,4,5,4,2,0,5,2,7,3,7,2,7
322,P,4,8,6,6,4,9,7,2,5,13,4,5,1,10,3,10
2017,P,2,6,2,4,2,5,11,8,2,10,6,4,1,10,3,9
1873,B,5,10,6,7,6,8,7,5,7,7,7,6,2,8,7,10
85,A,3,11,6,7,4,11,3,1,2,9,2,9,3,7,3,9
652,R,2,6,2,4,2,6,8,8,4,7,5,7,2,7,4,10
772,B,3,6,4,4,3,6,6,8,6,5,6,7,2,8,9,10
663,R,4,6,6,5,4,9,7,4,7,9,3,7,3,7,5,11
540,A,3,7,6,5,4,12,3,2,2,8,2,8,4,5,2,8
342,B,4,7,6,6,5,10,6,3,6,10,4,8,3,8,5,11
597,A,7,9,8,8,8,5,8,3,5,7,8,10,8,8,4,8
138,P,1,1,2,1,0,5,11,7,2,9,6,4,1,9,3,8
1164,A,3,8,6,6,3,12,2,3,2,10,2,9,2,6,3,8
799,B,6,9,8,6,8,7,9,6,5,7,5,7,4,7,6,8
1435,R,2,3,3,2,2,6,7,4,5,6,5,6,5,7,3,8
2127,R,2,4,3,3,3,8,8,6,5,7,5,7,2,6,4,8
440,A,4,11,6,8,2,8,5,3,1,7,0,8,3,7,2,8
45,A,2,3,3,2,1,10,2,2,1,9,2,9,1,6,1,8
660,P,4,6,6,4,3,6,13,7,2,11,5,2,1,10,4,7
56,R,2,4,4,3,2,8,7,3,5,9,5,7,1,7,4,10
1547,A,5,8,7,7,6,9,7,4,4,7,7,7,5,10,4,6
182,R,2,3,4,1,2,8,8,4,4,8,5,7,1,7,4,10
815,P,7,11,8,8,7,6,9,9,6,8,7,9,3,10,8,9
828,A,2,3,2,2,1,10,2,3,1,8,2,9,0,6,1,8
2028,R,9,13,7,8,5,8,6,5,5,9,5,9,5,6,7,12
825,R,8,13,6,8,4,10,6,6,4,10,2,9,7,5,6,10
756,R,7,9,10,8,11,7,7,4,4,7,5,8,7,8,6,6
1897,B,9,15,7,10,5,7,7,5,5,10,6,8,5,6,9,10
845,B,2,2,3,3,2,8,7,5,5,6,5,5,2,8,6,9
752,P,4,8,6,6,4,8,8,2,6,14,5,6,1,10,2,9
374,R,4,7,6,5,5,8,7,7,6,8,6,8,3,8,6,11
547,R,3,5,5,3,2,8,7,5,4,8,5,7,3,7,4,11
252,P,7,10,10,8,5,6,13,7,2,11,4,2,1,11,4,8
201,R,4,6,5,4,3,9,7,4,5,10,3,7,3,7,4,10
35,R,3,5,7,4,6,7,6,3,4,8,5,8,7,9,5,7
1010,R,3,7,4,5,4,6,9,8,4,6,5,7,3,7,5,11
226,A,4,9,6,6,2,8,3,3,3,7,2,8,3,7,3,8
497,R,3,6,4,4,4,6,7,5,5,7,6,6,3,7,4,9
172,B,3,7,4,5,4,8,7,7,6,7,6,5,2,8,7,10
1070,B,3,5,4,3,3,7,7,5,5,6,6,6,2,8,6,10
687,A,2,5,4,3,2,8,2,2,2,8,2,8,2,7,2,7
921,B,4,7,7,6,7,8,8,4,4,8,6,8,6,8,8,5
921,P,7,10,10,8,6,8,10,7,4,9,4,3,3,10,5,9
2075,A,5,10,7,8,5,9,4,3,0,7,1,8,2,7,4,8
798,B,4,6,4,4,3,7,6,9,7,7,7,7,2,8,8,8
32,P,5,10,7,8,7,6,9,1,7,10,8,4,4,10,4,7
340,P,2,3,3,2,1,6,10,5,5,9,7,3,2,10,4,6
231,A,4,11,7,8,3,7,4,3,2,7,1,8,4,6,3,8
323,A,7,13,6,8,4,8,2,3,2,8,4,12,4,5,4,6
636,P,6,5,7,7,8,8,7,4,2,7,8,7,7,12,5,7
712,B,6,10,9,8,12,8,8,5,3,7,7,7,8,11,12,9
469,A,2,9,4,6,2,6,5,3,1,6,0,8,2,7,2,8
1358,A,5,8,8,6,7,7,7,2,6,7,9,11,5,11,3,7
1545,A,2,4,3,3,1,11,3,3,2,11,2,9,1,6,2,9
1511,B,2,3,3,2,2,7,7,4,5,7,6,6,2,8,5,9
574,P,1,0,2,0,0,5,11,5,1,9,6,6,1,9,3,8
431,R,12,14,9,8,5,9,7,6,5,10,2,8,7,5,6,10
1769,R,3,5,5,4,3,8,7,3,5,10,4,6,3,8,3,9
864,P,5,8,7,6,4,5,13,6,3,13,6,1,0,10,4,8
377,A,6,14,5,8,4,9,4,3,1,8,4,11,6,6,3,9
1633,A,3,6,6,4,1,6,0,2,2,6,2,7,4,6,4,7
2079,A,4,10,6,7,3,7,6,3,0,7,0,8,3,6,2,7
1441,P,5,9,5,4,3,10,8,4,4,12,4,5,4,10,5,9
695,B,2,2,3,2,2,7,7,5,5,6,5,6,2,8,5,8
10,P,6,9,9,7,4,9,9,3,7,14,4,3,1,9,4,9
79,B,4,7,6,5,6,9,6,4,6,10,5,7,2,8,6,10
988,R,5,11,5,8,6,6,8,10,5,7,6,8,3,8,5,12
1839,R,4,7,4,4,4,6,9,8,4,7,5,8,2,6,5,11
82,A,3,8,5,6,3,13,2,3,2,10,2,9,2,6,2,8
132,R,4,6,7,4,6,5,9,3,3,6,4,9,8,5,7,8
1281,A,6,12,6,7,5,9,3,5,3,10,5,12,7,3,6,11
1401,A,2,9,4,6,3,11,2,1,2,9,3,9,2,6,2,8
1870,B,2,0,2,1,1,7,8,7,5,8,5,7,1,7,8,8
950,A,2,7,4,5,2,12,3,4,3,12,2,9,2,6,3,9
81,A,2,8,6,6,3,11,3,3,2,10,2,9,2,7,3,9
420,B,4,8,6,7,7,8,7,5,5,7,6,8,6,9,8,4
89,B,2,1,2,1,1,7,7,7,5,6,5,7,1,8,7,10
405,A,3,9,4,7,4,6,4,2,1,6,1,8,2,6,2,7
1136,B,6,13,6,7,6,8,7,4,4,9,7,8,7,6,9,8
1979,B,4,11,5,8,4,6,6,9,7,6,6,6,3,8,10,11
860,B,3,8,4,6,5,8,7,8,5,7,6,6,3,8,8,10
625,P,4,9,5,6,4,5,11,8,2,9,5,3,1,10,3,7
438,R,3,5,5,2,3,8,8,3,5,10,5,7,3,6,4,10
895,A,7,9,10,8,8,6,8,2,4,7,7,9,8,6,4,8
1942,R,5,10,5,8,7,6,8,8,4,7,5,7,3,8,6,12
778,R,4,9,5,7,4,10,7,3,7,10,2,7,3,6,2,11
598,R,4,9,4,7,5,6,9,8,3,7,4,8,2,7,5,11
211,A,0,3,2,1,1,11,3,3,2,10,2,9,1,6,1,8
984,B,6,6,6,8,6,7,6,9,7,6,6,7,3,8,10,10
667,A,6,9,5,5,3,10,2,4,2,11,5,12,5,4,5,10
1411,A,4,9,6,6,2,8,4,3,2,7,2,8,3,6,3,8
719,R,3,1,2,2,2,5,8,3,5,6,5,7,2,7,4,9
212,B,3,8,6,6,9,9,7,4,4,6,7,7,7,10,7,6
608,R,4,8,5,6,4,6,8,5,5,6,5,8,3,7,5,9
1888,P,4,9,6,8,4,10,6,3,5,12,5,5,3,8,4,9
2007,R,4,8,5,6,3,5,12,8,4,7,3,9,3,7,6,11
1641,P,9,13,7,8,3,6,10,6,4,13,6,3,4,10,4,8
178,P,1,0,1,1,0,5,10,7,1,9,6,5,1,9,2,8
934,R,2,1,3,3,2,6,7,4,5,6,5,7,2,6,4,8
975,A,5,11,8,8,4,10,2,2,3,9,1,8,2,8,3,7
1224,R,5,11,6,9,11,6,7,3,4,6,6,9,6,10,8,5
159,P,2,7,3,3,2,5,11,9,3,9,6,5,2,10,3,8
887,B,4,5,5,8,5,6,7,9,6,7,6,6,2,8,9,11
318,B,4,2,4,4,4,7,7,5,5,6,6,6,2,8,6,9
1944,R,9,13,8,7,5,7,7,5,5,10,3,9,7,6,7,11
58,R,5,4,6,7,3,5,11,9,3,7,3,8,3,7,6,11
1437,B,4,8,6,6,7,7,8,6,4,7,5,6,4,7,6,6
258,A,3,8,6,5,5,12,2,2,2,9,2,9,3,5,3,8
1108,P,3,8,5,5,5,6,9,3,6,9,8,5,4,10,4,6
74,R,5,10,5,7,3,5,10,9,4,7,4,8,3,7,6,11
852,R,3,6,5,4,3,9,8,5,6,11,2,7,3,6,4,11
1853,A,5,8,8,7,7,7,8,2,4,7,8,9,8,6,4,7
553,P,4,6,6,4,4,9,7,2,5,13,5,6,1,10,3,10
1981,B,5,9,8,7,7,10,6,3,6,10,4,6,2,8,5,10
486,A,2,6,3,4,1,10,3,2,2,9,2,9,2,6,2,8
355,B,5,10,7,8,6,8,8,4,6,7,6,8,7,6,6,9
1805,R,6,9,7,5,5,7,7,3,4,7,5,9,5,8,6,7
1376,R,5,8,8,5,6,10,7,3,6,10,2,7,5,7,4,10
446,R,5,10,6,8,8,7,5,8,3,8,6,8,6,5,6,10
1459,B,1,0,1,1,1,7,7,7,4,7,6,6,1,8,6,9
403,A,3,11,5,8,4,12,3,2,2,9,2,9,2,6,2,7
1627,P,3,7,4,4,2,4,14,8,0,11,6,3,0,10,4,8
279,A,2,7,4,5,3,11,3,2,2,9,2,9,1,6,2,8
87,B,9,11,6,6,4,8,6,5,6,11,4,9,6,7,6,10
145,R,5,10,7,8,9,8,8,4,3,8,5,7,9,9,7,5
138,B,5,8,7,6,6,10,6,3,6,10,4,7,3,8,5,10
723,P,3,6,4,4,2,5,11,9,3,9,6,5,1,10,4,8
1818,P,3,6,4,4,2,5,12,7,3,12,6,3,1,10,4,7
1163,P,5,11,6,8,3,5,9,11,6,8,6,5,2,11,4,8
1734,P,5,10,6,7,3,4,12,9,2,10,6,4,1,10,4,7
1028,P,5,10,5,5,3,9,8,3,5,13,4,4,4,9,6,7
1771,A,3,5,7,6,2,6,5,3,0,6,0,8,2,7,2,7
2167,R,5,6,6,4,3,10,8,3,7,11,1,6,3,7,3,10
458,B,4,5,4,8,4,6,7,9,7,7,6,7,2,7,9,9
1614,B,4,6,8,5,6,6,9,5,6,9,7,8,6,9,8,7
1994,R,5,9,5,4,4,8,7,3,3,9,4,8,5,7,6,8
320,P,3,7,3,5,2,3,14,7,2,12,7,3,0,10,4,8
706,B,10,15,10,8,8,9,7,4,5,9,5,7,7,5,9,8
1909,R,3,6,4,4,4,8,6,6,3,8,5,7,4,6,6,7
1768,P,7,11,10,9,8,6,7,7,4,8,7,8,2,10,7,9
1491,A,4,4,6,7,2,9,4,3,3,8,2,9,3,6,3,9
196,R,2,8,3,4,2,5,10,7,4,7,4,9,3,7,6,11
300,P,4,8,5,5,2,4,14,8,1,11,6,3,1,10,3,8
471,R,6,11,9,8,6,8,8,5,6,8,5,7,4,8,6,12
1797,R,3,10,4,7,3,6,9,10,5,7,5,8,3,7,5,11
523,R,6,10,8,7,7,9,7,4,6,10,3,7,3,6,4,10
991,A,3,5,5,3,2,11,2,2,2,10,1,9,2,6,2,8
243,A,2,1,4,2,1,8,2,2,2,8,1,8,2,6,2,7
392,A,9,13,9,8,4,10,0,3,2,10,4,12,3,5,4,8
1294,A,7,11,8,6,4,10,1,4,2,11,6,14,4,6,5,11
1390,B,3,2,4,3,4,7,7,5,5,7,6,6,2,8,6,10
1212,B,4,9,6,6,7,8,8,7,6,7,4,6,2,7,7,10
853,B,4,8,6,5,5,8,6,5,6,9,5,5,4,8,7,9
1205,P,4,6,6,10,8,6,13,5,0,10,8,5,4,11,4,8
1008,A,2,8,4,5,1,8,6,3,1,7,0,8,2,7,1,8
450,P,4,5,4,8,2,3,12,10,2,10,6,3,1,10,3,8
1926,B,7,12,6,7,6,8,7,4,5,9,6,8,6,8,8,8
491,A,3,6,5,4,2,11,3,2,2,9,2,9,2,6,3,9
1903,B,8,12,6,6,4,10,5,6,5,11,3,9,5,7,6,10
1803,R,4,6,4,8,3,5,12,9,4,7,2,9,3,7,6,11
668,A,3,8,5,6,3,11,3,3,3,10,2,9,2,6,3,8
694,R,4,6,7,6,7,6,8,3,3,7,6,8,6,8,5,7
1749,B,6,11,4,6,3,10,5,6,5,11,3,9,6,7,7,10
2074,P,8,14,7,8,4,5,10,6,3,12,5,4,4,10,4,8
638,B,2,5,4,4,3,8,7,3,6,10,4,7,2,8,4,10
526,A,3,5,6,6,2,8,3,3,2,7,1,8,3,6,3,8
837,P,5,9,7,6,5,7,12,7,2,11,5,3,2,12,4,8
1324,A,4,7,5,5,3,9,2,2,2,7,2,8,2,7,3,6
825,R,2,1,3,2,3,7,8,4,5,7,5,6,6,6,3,8
141,R,2,4,4,3,3,8,7,5,4,8,5,7,3,7,4,11
305,B,1,0,2,1,1,7,7,7,5,6,6,7,1,8,7,9
635,R,6,11,7,8,8,6,8,6,6,6,5,7,3,7,5,8
220,B,1,3,1,2,2,8,6,2,4,10,5,7,2,8,2,9
1569,P,4,7,5,5,5,6,10,5,5,10,8,3,0,10,4,5
1364,B,1,0,1,0,0,7,7,6,4,8,6,7,2,8,5,9
2050,B,4,9,4,7,3,6,7,9,7,7,6,7,1,8,9,10
1492,R,5,10,8,7,7,7,9,5,7,7,5,6,5,5,5,10
170,B,3,7,5,5,4,8,8,6,6,7,6,5,2,8,7,10
2139,A,2,3,4,4,1,7,5,3,1,6,1,8,2,7,2,7
201,B,3,7,4,5,3,5,5,9,7,6,7,7,2,8,8,8
1154,P,3,9,4,7,2,5,10,10,3,9,6,4,2,10,4,8
116,B,2,6,3,4,2,6,8,9,6,7,5,7,2,8,8,9
64,B,4,8,6,6,6,6,8,7,4,7,5,6,4,8,5,6
732,B,4,9,6,6,4,6,8,9,7,7,6,7,2,8,9,9
771,A,3,8,5,5,2,7,5,3,1,6,1,8,2,7,2,6
591,R,4,10,5,7,3,4,11,8,4,7,3,9,3,7,6,11
318,A,3,10,5,8,4,11,3,1,2,9,2,9,3,5,4,8
839,R,7,11,10,8,7,11,6,3,7,10,3,6,6,7,5,10
14,B,4,12,5,8,4,6,7,9,7,7,6,7,1,8,9,11
336,P,7,10,8,8,6,8,9,3,5,13,5,3,1,11,3,9
244,R,9,15,9,8,7,7,8,3,5,8,3,9,7,6,7,6
342,R,5,11,7,8,7,9,8,3,5,10,4,7,5,5,4,10
1716,A,8,15,9,8,6,11,2,5,2,12,4,11,7,2,5,11
642,R,6,11,5,6,5,7,9,3,6,8,3,8,6,6,6,7
255,R,5,9,6,7,6,7,7,4,6,6,5,6,4,7,5,9
649,R,1,3,3,2,2,7,9,5,5,6,5,7,2,6,5,8
198,A,2,7,3,5,2,12,4,3,3,11,1,8,2,6,2,8
1945,R,8,15,8,8,6,9,5,3,5,9,4,8,6,8,6,7
9,R,5,9,7,6,7,9,7,6,3,8,5,6,5,6,7,9
823,A,5,10,7,8,8,8,7,8,4,6,6,8,4,8,8,3
1637,A,5,9,7,7,4,8,2,2,3,6,1,7,3,7,3,6
572,R,3,8,4,6,4,5,12,7,3,9,4,9,1,6,5,11
953,B,4,3,5,6,4,6,7,9,7,7,6,7,2,8,9,9
1270,R,4,7,5,7,4,8,7,4,6,9,5,7,3,6,6,11
1272,P,3,5,5,4,2,7,10,4,4,12,5,3,1,10,2,8
782,R,4,6,6,4,5,8,7,6,3,8,5,7,4,7,7,10
644,R,5,10,8,8,6,7,8,5,6,8,5,6,6,7,5,8
1398,A,3,4,5,6,2,5,4,3,1,5,1,7,4,7,2,7
425,R,3,8,3,6,2,6,10,9,4,7,4,8,3,7,5,11
854,B,5,9,8,7,6,11,5,2,7,11,3,7,4,6,6,12
132,B,2,6,3,5,3,6,6,8,5,6,7,7,2,9,6,10
521,R,3,2,4,4,3,6,7,5,5,6,4,8,3,8,4,8
183,R,2,0,2,1,1,6,10,7,2,7,5,8,3,7,4,10
463,A,4,11,7,8,2,8,5,4,1,6,1,8,3,7,2,7
475,B,2,3,2,2,2,7,7,5,5,7,6,6,2,8,5,9
1519,P,3,8,3,6,3,3,12,6,1,11,7,4,1,10,3,8
384,B,4,10,5,8,6,8,6,7,6,6,6,6,2,8,7,9
785,B,1,3,2,2,2,7,8,5,5,7,5,6,2,8,5,9
394,P,4,9,4,6,2,4,11,9,3,9,6,4,1,10,4,8
952,B,2,5,4,4,3,8,8,2,5,10,6,6,3,6,5,9
436,B,3,2,4,3,4,7,7,5,5,7,6,6,1,8,6,9
1169,A,3,10,5,7,2,7,5,3,1,6,0,8,2,7,2,7
332,A,5,12,5,6,3,12,2,4,1,11,3,11,4,4,5,11
597,R,2,2,3,2,1,8,8,3,4,9,5,7,2,7,3,9
1044,R,3,5,6,4,5,8,7,3,4,8,5,7,6,9,5,5
914,A,3,5,6,4,3,9,1,2,2,8,1,8,2,6,2,7
304,P,8,11,7,6,4,6,11,4,5,13,6,3,4,9,6,6
1662,P,4,4,4,6,6,6,8,5,2,7,7,6,6,10,5,7
2133,P,5,9,6,7,6,7,5,7,4,7,6,8,3,8,7,10
239,A,3,11,6,8,4,11,5,1,3,9,2,9,3,7,3,8
534,P,5,8,5,6,2,4,13,8,1,11,6,3,1,10,4,8
1496,B,2,4,4,2,3,9,6,2,6,11,5,6,2,8,4,9
409,R,2,4,5,3,3,8,6,3,5,8,4,7,2,7,4,10
727,B,2,2,2,2,2,7,7,5,5,7,6,6,2,8,5,9
429,R,4,7,4,4,2,6,11,8,3,7,4,8,3,7,6,11
845,R,3,6,5,4,3,9,7,3,5,10,4,6,3,7,4,9
806,A,7,15,5,8,4,10,3,3,3,8,4,11,5,5,4,8
1882,R,6,11,6,8,4,5,13,8,4,7,3,9,3,7,6,11
578,P,6,9,8,8,4,10,8,3,6,14,4,4,0,10,3,9
1618,P,6,11,9,7,6,5,12,4,4,12,6,3,1,10,3,8
555,B,5,5,5,7,4,6,9,9,7,7,5,7,2,8,9,10
1409,B,3,4,5,6,3,6,6,9,7,6,7,7,2,8,10,10
867,B,6,10,10,7,9,8,8,4,6,10,5,6,5,6,7,10
2130,R,5,7,6,5,5,9,10,6,3,7,4,6,5,7,8,8
1657,R,6,9,5,4,3,10,6,5,5,10,2,8,6,6,3,9
881,R,3,6,4,4,4,6,10,8,4,7,4,8,2,6,5,11
1004,B,3,8,3,6,4,6,6,8,6,7,7,7,2,9,6,9
1786,P,7,11,9,8,6,7,9,2,6,14,6,5,3,10,4,9
1299,P,4,8,5,6,2,4,15,8,1,12,6,2,0,9,4,8
160,P,4,8,6,6,4,8,8,2,6,13,5,5,1,8,3,9
1665,P,3,6,5,5,3,6,10,3,6,11,8,4,4,10,4,7
439,P,6,11,9,8,7,9,10,4,4,12,5,3,1,10,4,8
1230,R,2,6,4,4,5,8,7,3,4,7,6,8,6,9,6,7
520,A,2,6,3,5,2,11,2,3,3,10,2,9,2,6,3,8
358,B,2,5,3,3,3,7,7,5,5,6,6,6,2,8,6,10
723,A,5,7,8,6,6,9,7,3,5,6,8,6,4,10,4,5
1412,R,3,5,4,6,3,5,11,8,4,6,3,9,3,7,6,11
532,P,4,9,5,6,2,3,14,7,1,11,6,3,0,10,4,8
1592,A,6,9,6,4,3,11,0,4,1,11,5,13,4,5,4,11
866,P,4,5,4,7,2,3,13,8,1,11,6,3,1,10,4,8
877,A,8,15,6,8,4,8,3,3,2,8,4,11,7,4,5,8
533,R,3,5,5,4,3,9,7,3,5,10,3,7,5,6,4,9
534,B,5,9,8,8,8,7,8,5,4,7,6,8,7,9,8,6
1477,B,4,9,6,6,6,7,8,6,4,6,4,6,4,8,6,6
1625,A,4,7,5,5,5,7,7,7,5,6,6,9,3,8,7,4
1043,P,5,11,6,8,6,4,12,8,2,10,7,4,1,10,3,8
746,P,5,8,6,6,6,4,11,4,5,11,9,4,0,10,4,7
530,P,4,6,6,8,8,10,8,3,2,6,8,7,6,10,6,4
692,A,4,11,6,8,4,7,5,3,0,6,1,8,2,7,1,8
1581,B,1,0,2,1,1,7,8,7,5,8,6,7,1,8,6,8
468,A,2,6,3,4,3,7,2,1,2,6,2,7,2,6,3,6
169,B,3,5,5,4,2,9,7,2,6,10,5,7,2,8,4,10
688,P,3,8,3,7,3,6,11,8,2,9,5,4,1,9,3,7
128,B,5,9,5,7,7,6,7,8,5,7,6,7,2,8,7,9
567,A,3,7,5,5,3,12,1,3,2,10,2,9,2,6,3,9
588,P,5,9,5,5,3,6,12,4,2,13,6,3,2,10,5,5
371,P,5,11,6,8,7,6,7,5,4,8,7,8,8,8,6,11
1911,A,6,10,9,8,9,8,8,8,5,6,6,8,3,8,8,4
332,R,2,2,4,1,2,9,7,4,5,9,4,7,2,5,4,10
2045,R,6,11,9,8,10,8,8,7,3,8,5,6,5,8,7,11
1737,P,4,7,5,5,3,9,8,3,5,12,4,4,3,9,3,9
1850,B,3,3,3,5,3,6,7,9,6,7,6,7,2,8,8,10
464,B,5,9,7,6,10,8,6,5,3,7,7,8,6,9,8,9
1532,P,6,10,9,7,5,7,12,7,3,12,4,2,2,11,4,8
205,B,5,10,7,8,7,9,7,6,6,6,6,5,3,9,9,11
496,B,2,4,3,2,2,8,8,3,5,10,6,5,2,8,5,9
1095,P,5,9,7,6,5,8,8,3,5,13,5,5,3,9,3,8
1601,R,1,4,2,1,1,7,8,3,5,7,5,6,2,7,4,8
1801,R,3,6,5,4,5,9,7,3,5,10,3,7,3,7,3,10
393,P,5,10,7,8,7,6,9,6,5,9,7,3,2,10,4,6
2152,P,3,5,4,7,2,4,13,9,2,10,6,5,1,10,4,8
2093,P,2,7,4,5,2,5,11,3,6,11,9,5,0,9,3,6
402,A,8,12,7,6,3,10,1,2,2,11,4,12,3,4,4,8
630,B,5,11,7,9,8,9,7,6,4,7,5,7,4,8,6,8
1615,P,6,10,6,7,2,5,13,9,0,12,6,3,1,10,5,8
875,R,4,8,6,6,4,7,8,4,6,9,3,8,3,6,4,11
1890,P,5,4,5,6,3,5,9,11,5,8,5,5,2,10,4,8
1705,P,8,14,7,8,5,8,9,4,4,12,5,4,3,11,6,6
479,R,4,8,6,6,5,9,7,4,4,9,3,8,3,7,4,11
236,P,4,9,6,7,6,8,9,3,4,12,5,4,2,9,3,8
849,R,3,5,6,3,4,8,7,3,5,10,4,6,3,7,4,10
217,P,8,9,6,4,3,9,8,6,4,12,3,6,5,9,4,8
1518,B,4,9,4,7,3,6,6,9,7,6,7,7,2,8,9,11
302,A,3,4,4,3,2,8,2,2,2,7,2,8,2,6,2,7
1054,A,6,10,7,7,8,8,5,8,4,8,6,8,3,9,8,3
293,B,11,15,9,8,9,8,8,4,6,10,5,6,8,3,9,7
755,A,3,4,5,3,2,10,2,2,1,8,2,9,4,6,2,9
841,B,3,7,4,4,4,6,6,6,3,6,4,7,2,8,6,5
388,R,6,10,5,5,3,7,6,5,4,9,5,9,6,5,6,11
279,R,2,1,2,1,1,6,10,8,2,7,5,8,2,7,5,10
240,R,2,1,1,1,1,6,9,7,3,7,5,7,2,7,4,10
737,P,6,10,7,9,6,7,10,5,4,12,5,3,1,10,3,8
1730,R,3,2,4,3,3,7,7,5,5,6,5,6,3,7,4,8
790,A,1,5,4,3,2,10,3,1,2,8,3,9,2,6,2,8
1928,B,6,10,8,6,7,7,9,7,5,7,5,5,5,8,7,6
301,P,4,7,5,5,3,6,11,4,4,13,6,3,1,10,3,10
1403,B,4,7,6,6,7,8,8,5,5,7,6,8,7,7,9,6
543,B,4,5,5,4,5,8,7,4,6,7,5,7,3,8,6,8
931,A,8,14,8,8,6,9,4,5,4,10,6,12,9,2,7,11
1915,A,3,6,5,8,2,7,5,3,1,7,0,8,3,7,2,8
602,A,3,10,5,7,3,7,3,2,2,5,1,7,2,6,2,7
63,A,3,8,5,5,2,6,4,3,1,6,1,8,2,7,2,7
90,R,5,8,7,6,7,8,8,7,4,8,5,6,4,7,7,11
888,A,3,8,5,5,3,9,3,1,2,7,2,8,2,6,2,7
1174,A,3,9,5,6,2,9,6,3,1,8,0,8,2,6,1,8
506,A,3,4,5,5,0,8,6,3,1,7,0,8,2,7,1,8
1972,R,2,4,3,2,3,9,7,3,4,10,4,7,2,7,3,10
683,A,3,11,6,8,5,10,4,1,2,8,3,9,4,4,3,7
2008,P,2,7,3,4,1,3,14,8,2,12,7,3,0,9,3,8
19,P,2,4,3,3,2,5,10,4,4,10,8,5,0,10,2,6
865,B,5,10,8,7,8,9,6,3,6,9,5,7,2,8,6,10
1811,B,4,6,5,4,4,8,6,3,5,6,4,7,4,9,5,8
1395,A,2,4,4,3,1,12,3,3,2,11,1,9,2,6,2,9
1317,R,13,15,10,8,6,8,7,5,6,10,3,8,7,6,6,11
218,R,3,5,4,3,3,7,7,5,6,6,5,7,2,7,4,7
574,P,2,1,3,1,1,5,11,8,2,9,5,4,1,9,3,8
241,B,3,7,4,5,5,9,6,5,4,7,7,8,6,9,7,7
418,B,4,8,5,6,4,6,6,8,7,6,6,7,2,8,9,10
591,B,5,10,6,8,7,9,7,3,5,7,6,8,8,8,6,9
146,P,5,9,6,7,4,6,10,4,7,10,9,4,0,10,5,7
569,B,2,6,3,4,4,6,6,7,5,6,6,7,2,9,6,10
674,P,5,5,7,8,8,9,8,3,3,5,8,7,6,11,7,5
678,P,4,8,6,12,10,8,9,5,0,8,6,7,5,11,6,6
1602,P,6,6,8,10,9,7,9,4,2,7,8,7,6,11,6,5
117,A,6,10,6,5,4,12,3,6,2,12,2,10,5,3,3,10
599,R,3,3,3,4,2,5,10,9,4,6,4,8,3,7,5,11
141,P,2,1,2,1,1,5,11,8,2,9,6,4,1,9,3,8
870,A,2,4,3,3,2,10,2,2,2,8,2,9,1,6,2,8
790,R,2,4,3,2,2,9,7,3,4,10,4,7,2,7,3,10
389,B,3,5,4,7,3,6,7,9,6,7,6,7,2,8,9,10
303,A,5,11,7,8,7,8,5,7,4,8,6,8,6,8,7,4
1262,A,2,6,3,4,2,7,4,3,0,6,2,8,2,6,1,7
480,B,6,9,8,6,7,10,6,3,6,10,3,7,4,7,5,12
2060,B,5,11,8,8,11,9,7,4,4,6,7,7,8,8,8,7
559,R,6,5,5,6,3,5,12,9,4,7,3,9,3,7,6,11
406,R,6,12,6,6,5,5,9,2,5,7,5,10,4,7,6,7
54,R,4,10,5,7,3,4,12,9,4,7,2,9,3,7,6,11
970,A,3,5,4,5,4,9,8,2,4,7,7,8,5,9,4,6
140,B,5,9,5,4,4,7,9,3,4,9,6,7,6,7,8,5
901,P,6,11,7,8,8,7,5,7,5,7,5,9,6,9,8,9
186,P,2,0,1,1,0,5,10,6,1,9,6,4,1,9,2,8
367,B,2,4,4,3,3,8,7,3,5,10,6,7,2,9,4,9
1595,P,4,6,5,4,4,9,4,6,5,7,6,7,3,9,7,9
878,P,7,11,10,8,6,9,9,4,6,12,3,3,2,10,4,9
843,R,1,0,2,1,1,6,10,7,2,7,6,8,2,7,4,9
624,A,4,10,7,7,5,7,5,2,3,5,2,6,3,7,4,4
2027,P,6,11,8,8,5,7,12,8,3,11,4,2,0,10,5,7
2165,R,3,4,5,3,3,7,7,5,5,9,5,7,2,7,4,10
670,P,3,8,5,6,4,7,5,5,4,6,6,9,3,9,6,12
967,P,4,9,5,6,2,4,14,8,1,11,6,3,1,10,5,8
1535,P,4,8,6,5,3,8,10,3,6,13,3,2,2,9,3,9
1917,R,4,8,6,6,5,6,8,5,6,6,5,7,3,7,5,7
954,P,1,0,1,0,0,5,10,7,2,9,6,5,1,9,3,8
208,B,4,7,6,6,5,8,7,5,6,9,6,6,2,9,7,8
1632,A,1,0,2,1,0,8,3,2,0,7,1,8,2,7,1,9
0,P,4,9,5,6,1,4,12,9,3,10,6,4,1,10,4,8
1725,P,7,11,9,8,5,6,11,4,6,14,6,2,0,10,3,9
987,A,4,7,6,5,3,9,3,2,2,8,1,8,2,6,3,7
945,A,4,11,6,8,5,7,3,1,2,5,2,6,4,5,4,7
184,A,3,7,5,5,2,12,3,2,2,9,2,9,2,5,3,8
876,B,3,5,4,4,3,8,8,3,5,10,5,6,3,7,5,10
1848,A,5,11,7,9,5,8,3,3,1,7,2,8,5,8,5,10
1473,P,5,8,7,6,5,8,10,5,4,11,4,3,1,10,3,8
1384,R,4,9,6,6,6,10,8,3,6,9,3,8,3,6,4,10
1600,B,2,4,3,2,2,8,7,3,5,9,6,6,2,8,4,8
1750,B,5,10,7,7,6,7,8,6,8,7,6,6,7,8,6,10
1914,A,1,3,2,2,1,10,2,2,1,9,2,10,1,6,2,8
345,P,5,10,7,7,4,10,7,4,6,11,3,4,2,9,3,9
333,B,3,8,5,6,3,8,7,7,6,7,6,5,2,8,8,9
1037,B,2,1,2,1,1,7,7,7,5,7,6,7,1,8,7,8
528,A,4,9,7,6,4,8,3,1,1,5,2,8,2,5,3,7
1738,P,2,3,4,1,2,7,9,3,3,11,4,4,1,9,2,8
1606,B,1,0,2,0,1,7,8,6,4,7,6,7,0,8,6,8
1507,A,5,6,7,5,5,8,8,3,5,7,9,8,5,9,4,6
928,R,3,8,6,6,4,9,7,3,6,11,3,6,3,7,4,10
748,R,4,7,6,5,5,8,9,5,5,8,5,8,4,7,5,11
1755,R,4,7,5,5,5,9,8,6,5,8,6,7,3,7,5,9
812,R,3,7,5,6,3,9,8,4,6,10,3,8,3,6,4,11
255,R,1,0,1,0,1,6,10,6,3,7,5,8,2,6,3,9
1213,A,2,4,4,2,2,9,2,2,2,9,2,8,2,6,2,8
519,B,1,3,3,2,2,8,6,3,5,10,5,7,2,7,4,9
9,R,3,7,4,5,2,4,10,8,3,7,5,8,2,8,7,11
1612,P,3,10,4,8,4,4,12,7,2,10,7,4,1,10,3,8
721,A,4,11,5,8,2,7,6,3,1,7,0,9,3,7,1,8
1798,P,4,8,6,6,4,6,11,4,6,10,8,3,1,10,5,7
1964,R,4,2,4,3,3,7,8,5,5,6,5,6,3,7,4,8
768,B,3,8,7,6,5,10,6,2,6,10,3,7,4,8,5,11
40,R,5,10,7,7,6,6,8,6,6,6,5,8,3,6,6,9
737,B,6,9,9,7,6,10,6,3,7,11,3,7,6,8,7,11
403,B,5,10,7,8,7,8,6,7,7,6,7,6,2,8,8,11
1990,R,7,11,6,6,4,8,8,5,5,9,4,9,7,6,6,11
2164,P,8,15,8,8,4,6,10,6,4,14,5,4,4,10,4,8
421,B,6,11,8,8,11,8,6,5,4,7,7,7,9,11,11,11
900,B,3,8,4,6,4,8,8,8,7,7,5,5,2,8,8,9
1907,A,2,4,4,3,2,9,2,2,3,8,2,9,1,6,1,7
1836,R,5,11,7,9,5,8,9,5,6,8,4,9,4,6,6,11
474,R,4,6,7,4,5,8,7,6,3,8,5,8,4,7,7,10
527,B,4,9,5,6,6,7,6,6,6,6,6,6,2,8,5,10
1,P,1,0,2,0,0,5,11,6,1,9,6,5,1,9,3,8
1539,A,2,4,4,2,0,11,2,3,2,9,2,9,1,7,2,8
1170,P,4,5,7,8,8,7,6,4,3,7,7,7,7,11,5,6
404,A,1,0,2,0,0,8,4,2,1,7,2,8,2,6,1,8
1391,A,1,6,4,4,2,8,3,2,2,7,2,8,2,6,2,6
558,B,4,8,5,6,5,10,7,3,6,10,4,6,2,8,4,10
220,B,2,2,3,3,1,7,7,5,5,5,6,6,2,8,6,10
209,B,3,6,4,4,4,8,6,4,5,9,5,6,2,8,5,9
1229,B,2,6,3,4,2,6,7,9,6,7,6,7,2,8,8,10
483,R,4,7,5,5,4,11,7,1,4,11,4,7,3,7,4,11
1275,P,4,4,6,5,6,9,11,2,3,7,9,6,4,10,4,6
86,A,3,9,5,6,3,6,2,2,3,5,2,8,2,6,3,6
501,B,5,9,8,8,10,7,7,5,4,7,5,8,7,10,9,5
2072,A,2,4,3,3,1,11,3,3,2,10,2,9,2,7,2,9
26,B,4,5,4,7,4,6,8,10,6,7,5,7,2,8,9,10
1251,P,2,1,2,2,1,5,11,5,3,10,7,3,1,9,3,6
1598,B,6,9,5,4,3,10,6,6,5,11,4,9,5,6,6,11
818,P,5,10,9,8,5,7,10,5,6,12,5,3,1,10,4,8
863,A,3,6,5,8,2,7,6,3,1,6,0,8,2,7,1,8
482,B,6,9,6,5,3,7,8,4,6,10,6,9,6,6,6,8
392,R,6,10,5,6,3,8,7,6,4,9,3,8,6,6,5,10
296,R,6,9,9,8,10,7,6,3,4,7,5,8,8,9,6,7
112,A,2,3,4,3,1,10,2,3,2,10,2,10,2,6,2,8
1751,P,3,4,5,6,4,8,9,3,2,7,8,6,5,10,5,5
861,A,3,2,5,5,1,6,3,3,3,6,2,7,4,6,3,7
709,P,3,3,3,2,2,5,9,4,4,10,8,4,1,10,3,7
272,B,6,9,9,8,11,7,7,6,4,9,6,8,7,10,8,7
49,B,3,7,4,5,4,6,7,8,6,7,6,7,2,7,9,10
1596,P,4,7,4,5,2,3,14,8,1,10,7,3,0,10,5,8
1179,P,2,1,2,2,2,5,11,4,3,10,8,3,1,8,3,7
1732,A,3,8,5,7,4,11,3,1,2,8,3,9,3,5,2,8
938,B,2,0,2,2,1,7,7,8,5,6,6,7,2,8,7,10
848,B,3,7,5,5,6,8,8,4,5,7,4,6,4,8,5,8
251,P,3,2,4,4,3,6,9,4,5,9,7,4,4,10,3,8
674,A,4,9,6,6,2,6,3,3,3,6,2,7,3,6,3,7
71,B,4,8,5,5,5,8,9,4,6,10,5,5,2,8,7,9
701,R,3,7,5,5,5,7,7,4,6,8,6,6,3,7,5,10
892,P,6,12,6,7,3,4,14,7,1,11,6,3,1,10,4,8
1315,A,2,6,4,4,2,8,2,1,2,7,2,8,2,6,3,6
351,P,3,5,5,4,4,6,9,5,4,9,7,4,1,10,3,7
1000,A,5,9,7,7,5,8,1,2,2,6,2,7,3,8,4,6
1686,B,5,9,4,5,3,7,7,5,6,11,6,9,5,7,7,8
266,A,3,2,5,3,2,6,2,2,2,5,2,8,2,6,2,5
993,P,4,9,6,7,4,7,10,4,4,12,5,3,1,10,3,8
511,B,3,4,4,3,3,7,7,5,6,7,6,5,3,8,5,8
1965,R,3,4,5,3,3,8,8,3,5,9,4,8,2,6,4,10
786,B,3,5,3,5,3,7,7,5,5,6,6,6,2,8,6,10
100,A,2,8,4,6,2,12,2,4,2,11,2,10,2,6,4,9
1365,B,2,5,3,4,3,8,7,5,5,6,7,6,2,8,5,9
745,A,6,11,8,8,5,9,3,2,3,8,1,8,2,7,3,7
801,A,7,13,7,7,4,12,3,6,2,12,2,10,5,3,4,10
1841,B,3,5,4,4,4,8,7,5,6,7,6,6,5,8,5,9
813,R,4,10,6,8,5,7,9,5,6,7,6,9,4,6,6,9
490,A,3,8,6,6,3,12,3,2,2,11,2,9,1,6,2,9
289,A,6,11,11,8,8,7,5,2,5,5,1,6,6,8,6,6
143,P,7,11,10,8,5,8,11,6,3,11,4,2,1,11,4,9
650,A,3,8,5,6,5,8,8,6,4,6,6,9,5,7,6,4
873,P,6,10,8,8,5,7,10,5,4,12,5,3,1,10,4,8
469,B,6,10,6,8,5,6,6,9,8,6,6,7,2,8,10,10
410,R,2,3,5,2,2,7,8,5,5,7,5,7,2,7,4,8
1396,B,6,11,8,8,8,8,8,6,4,7,5,6,5,7,7,8
1679,R,8,15,8,8,7,5,8,2,5,7,3,9,6,6,6,5
1608,B,2,1,3,2,2,7,8,8,5,7,6,7,2,8,7,9
2067,P,4,7,7,5,3,7,11,5,4,12,4,1,1,10,4,8
364,B,4,8,4,7,3,6,7,9,7,7,6,7,2,8,9,10
316,R,12,15,9,8,5,9,6,6,5,10,2,8,7,5,6,11
773,P,4,5,4,3,3,6,10,5,4,9,8,4,1,10,4,7
186,B,3,9,4,7,4,6,6,8,7,6,7,7,2,8,9,10
471,R,4,7,5,5,5,7,8,5,8,7,4,6,6,7,5,8
1549,R,7,11,9,8,9,8,9,8,4,8,5,6,5,8,8,12
542,P,5,5,5,7,6,8,9,3,2,7,8,6,5,11,5,4
487,R,8,12,8,6,6,7,7,3,5,9,3,8,6,7,6,7
1701,P,3,5,6,4,2,7,10,4,4,13,5,2,1,10,2,8
305,P,2,1,2,2,1,6,9,5,4,10,7,4,1,10,3,7
70,P,5,4,5,6,3,5,12,9,3,10,7,4,1,10,4,8
1629,A,3,3,3,2,1,10,2,4,1,10,2,8,2,6,3,7
660,A,3,5,4,3,2,10,1,3,2,10,2,10,2,6,3,8
92,B,6,15,7,8,8,6,7,3,6,9,6,7,8,5,8,6
821,P,3,7,5,5,2,6,11,4,5,13,5,2,0,9,3,9
185,P,6,6,9,8,9,6,9,5,3,8,8,6,6,12,5,7
292,B,4,10,4,8,4,6,7,9,6,8,5,7,2,8,9,10
700,B,4,11,5,6,5,8,7,3,4,9,6,7,6,7,9,7
1951,P,5,8,6,6,5,9,7,2,5,13,4,6,1,9,3,9
1759,B,6,9,8,6,5,10,6,3,8,11,3,7,2,8,5,12
1329,A,4,11,5,9,3,13,5,5,3,12,1,8,2,6,4,9
1502,P,4,7,4,6,2,4,12,8,2,10,6,3,1,10,4,8
847,R,1,1,3,1,1,6,9,7,3,7,5,8,2,7,4,11
933,A,2,2,4,3,2,8,3,2,2,9,2,9,2,6,3,7
156,R,3,3,4,2,2,8,7,4,5,9,4,7,2,7,4,10
2034,P,4,5,4,8,2,3,13,8,2,11,7,3,1,10,4,8
955,A,3,8,5,6,2,8,5,2,1,7,0,8,2,7,2,8
1597,R,5,6,7,5,7,6,6,5,2,6,5,9,7,9,6,10
447,P,5,4,6,6,7,7,8,3,2,7,8,7,5,10,5,4
362,A,4,10,6,6,5,6,5,3,2,4,1,6,4,5,4,6
893,A,2,8,4,5,1,6,5,3,0,6,1,8,3,7,2,7
699,B,5,11,6,7,6,9,6,3,5,7,6,7,8,8,6,9
1552,A,3,6,6,9,2,9,4,3,2,8,1,9,3,7,2,8
1478,B,5,9,7,7,7,8,7,6,5,9,6,6,3,9,6,10
256,R,4,5,6,5,5,7,7,3,4,6,6,7,6,10,6,6
1445,P,2,3,4,2,2,7,9,5,3,10,4,3,1,9,3,8
1694,R,4,6,6,5,6,6,8,3,3,6,5,9,6,6,5,9
93,P,4,6,4,4,2,7,9,4,4,12,5,3,1,10,3,8
739,A,2,11,6,8,2,9,6,3,1,8,0,8,2,7,2,8
1239,B,1,2,3,3,2,8,7,5,5,6,6,5,2,8,7,9
584,R,1,0,2,0,1,6,9,7,3,7,5,8,1,7,5,10
41,P,1,3,3,2,1,7,9,4,3,11,5,4,1,9,2,8
159,R,4,9,5,7,4,6,8,5,6,6,5,9,3,6,6,9
1813,A,3,8,6,5,2,7,5,3,1,7,1,8,2,7,3,8
1356,B,8,12,7,6,6,7,8,3,6,9,5,7,8,4,8,8
1116,P,9,14,7,7,3,8,8,7,4,14,3,5,5,9,4,7
717,A,3,8,5,5,1,6,6,3,0,6,0,8,2,6,1,6
114,B,2,1,3,2,2,7,7,5,5,6,6,7,2,8,6,9
353,A,1,0,2,0,0,8,4,2,0,7,2,8,1,6,1,8
64,R,2,1,2,2,2,6,7,4,5,6,5,7,5,7,3,8
1298,P,4,6,5,9,9,8,7,5,0,8,6,7,6,10,6,9
1490,A,1,3,2,2,0,10,3,2,1,9,2,9,1,6,1,8
672,A,5,7,6,5,3,10,1,3,3,9,2,8,3,6,4,9
459,P,2,5,4,4,2,7,11,4,2,12,4,2,1,10,2,8
1924,A,3,9,6,7,3,11,2,3,3,10,2,9,1,6,3,8
1921,A,2,8,4,5,3,11,2,2,2,9,2,9,2,6,2,7
1792,R,4,11,5,8,5,6,7,9,3,7,5,7,3,8,5,11
1720,A,1,0,2,0,0,8,3,2,0,7,2,8,2,6,0,8
476,P,5,10,7,8,7,6,9,3,6,8,8,5,4,10,4,7
1404,P,3,7,6,11,9,9,8,4,1,8,6,7,7,9,5,7
1537,B,1,0,1,1,1,7,7,7,4,6,6,7,1,8,6,9
1536,A,6,9,8,8,8,7,7,2,4,7,8,10,8,7,4,8
370,A,3,7,4,4,3,12,3,2,2,10,2,9,2,6,3,8
1837,A,3,9,6,6,3,10,3,2,2,8,3,10,2,6,3,7
1126,B,4,2,4,4,4,7,7,5,5,6,6,6,2,8,6,11
1423,R,4,2,5,3,4,6,6,5,7,6,6,7,3,7,4,8
108,P,2,6,3,4,2,3,14,6,2,12,7,3,1,9,3,8
203,B,4,3,4,5,3,6,7,8,6,7,6,6,2,8,9,9
1638,R,4,8,7,6,7,5,6,4,4,7,5,9,8,11,7,6
1301,A,3,8,5,6,2,11,2,4,3,11,2,10,2,6,3,8
792,A,4,9,7,8,5,6,3,1,2,5,3,8,4,5,4,6
2123,P,4,6,6,4,3,6,11,5,3,11,5,3,1,10,3,8
1066,P,3,9,5,7,5,5,7,6,4,8,7,9,3,9,7,10
571,P,4,6,6,9,9,6,8,5,0,8,6,7,6,10,6,11
198,A,2,8,4,6,2,7,6,3,1,6,0,8,2,7,1,7
240,B,5,10,8,8,6,8,7,3,7,10,4,6,2,8,6,11
2021,R,4,9,6,6,4,6,7,6,6,6,4,9,4,5,6,9
223,R,8,12,6,6,4,11,5,4,5,11,2,8,6,6,6,10
1209,R,6,10,8,8,6,7,9,5,7,5,4,9,4,4,7,8
490,R,6,11,6,8,4,5,11,9,3,7,4,8,2,8,6,11
1036,A,2,8,4,5,2,7,6,2,1,6,0,8,2,6,2,7
1849,P,4,10,6,7,4,4,10,7,4,10,7,3,1,10,4,7
773,B,5,8,7,6,5,10,5,2,7,10,4,7,3,7,6,11
188,P,3,5,5,4,2,7,11,4,4,12,4,1,1,9,3,8
1522,P,4,7,6,5,4,8,9,4,4,12,4,3,1,10,3,8
876,P,6,10,5,4,2,6,10,6,6,14,6,5,3,9,4,8
777,R,4,7,6,6,5,6,8,5,6,7,5,7,6,7,5,7
544,B,5,11,7,8,8,7,6,8,6,6,6,6,3,8,8,11
1538,P,3,5,4,3,2,6,9,5,5,9,7,3,1,10,4,6
237,R,5,11,5,8,6,5,10,8,3,7,4,8,2,7,6,11
274,B,2,3,3,2,2,8,8,5,6,7,5,5,2,8,7,8
423,B,2,3,3,2,2,8,7,3,5,10,5,7,2,8,4,10
396,P,1,1,2,1,1,5,11,7,2,10,6,4,1,9,3,8
1758,P,4,10,4,7,2,4,10,10,3,9,6,4,2,10,4,8
330,A,2,4,3,3,1,8,2,2,1,7,3,8,2,7,2,7
462,P,2,4,4,3,2,7,11,5,2,11,5,3,1,10,2,9
148,A,5,10,7,9,5,11,3,1,2,8,2,9,6,4,3,8
523,R,5,8,7,6,6,9,7,4,5,10,4,6,3,7,4,10
819,B,2,3,4,2,2,8,7,3,5,10,6,6,2,8,4,9
468,R,4,5,5,7,3,5,10,9,4,7,4,8,4,7,6,11
2175,P,1,1,1,1,1,5,11,7,2,10,6,4,1,9,3,8
398,R,6,8,8,6,5,10,8,5,7,10,1,6,2,6,4,11
322,R,2,5,4,3,3,9,7,4,5,9,4,7,3,7,4,9
1278,P,1,0,1,0,0,6,10,7,1,9,6,5,0,9,2,8
1733,R,4,11,7,8,5,11,6,3,7,11,1,5,6,7,4,10
286,B,4,10,4,8,4,6,6,10,7,6,6,7,2,8,9,10
2042,A,3,7,5,5,3,12,3,3,2,10,1,9,2,6,2,8
758,B,1,3,2,2,1,8,7,3,5,10,5,7,2,8,4,9
604,R,2,1,3,2,1,6,9,8,3,7,5,8,2,8,5,10
2142,R,2,1,2,1,1,6,9,8,2,7,5,8,2,7,5,11
932,B,2,5,4,3,3,8,7,3,6,10,6,7,2,8,5,10
1517,P,4,9,7,6,6,6,10,5,5,10,8,3,1,10,2,7
2065,A,4,9,5,7,4,7,5,3,0,7,1,8,2,7,2,8
453,A,4,7,5,5,6,8,5,7,5,8,6,8,5,10,7,4
979,P,2,3,2,2,1,4,11,3,4,10,8,4,0,9,3,5
193,B,2,2,3,3,3,7,7,5,5,6,6,6,2,8,5,9
1389,B,7,13,6,8,4,9,5,5,5,11,4,9,6,7,7,11
1035,B,5,9,7,6,7,8,7,4,5,7,6,7,4,8,6,8
605,A,2,2,4,3,2,8,3,2,3,8,1,8,2,6,1,7
1674,B,4,9,4,6,6,6,8,8,5,7,5,7,2,8,7,10
2004,R,4,7,6,6,6,6,7,5,6,8,6,7,3,7,5,9
1649,R,1,0,1,0,0,6,9,7,3,7,4,8,2,6,4,10
2108,R,4,9,6,7,6,9,7,3,5,10,4,7,3,6,4,10
1619,P,4,9,4,6,4,6,10,7,2,9,6,5,1,10,3,8
659,A,2,8,4,5,3,9,5,3,1,8,1,8,2,7,3,8
75,P,3,8,4,6,2,3,14,8,1,11,7,3,0,10,4,9
1531,R,4,8,4,6,5,8,5,7,4,7,6,8,4,7,5,10
1603,R,4,8,6,6,8,7,7,3,6,8,6,8,6,9,7,5
594,A,2,4,4,3,2,9,2,2,2,9,2,8,2,6,3,8
929,R,4,4,4,6,3,5,9,9,4,7,5,8,3,8,5,10
1855,P,8,13,7,7,5,10,7,4,5,12,4,5,4,11,5,8
1668,B,5,8,6,6,6,8,8,7,7,7,6,5,3,7,7,9
1763,A,3,11,6,8,4,12,1,2,2,9,2,9,2,6,3,8
45,B,5,9,8,8,9,7,7,4,4,6,6,9,7,9,9,6
120,R,3,5,5,4,3,7,8,4,5,9,5,6,3,7,4,9
374,A,3,8,5,6,4,8,8,6,3,6,6,8,3,6,5,4
2120,A,4,8,5,6,5,7,6,7,4,7,7,9,2,8,8,4
820,R,4,8,5,6,3,6,9,9,4,6,5,8,3,8,6,11
1852,R,4,9,6,7,7,6,8,5,6,7,5,7,3,7,5,9
1508,R,5,9,8,7,5,10,6,3,7,10,3,6,3,6,4,11
424,A,4,9,9,7,6,5,5,2,5,3,2,7,5,7,7,2
291,A,7,12,6,7,4,11,2,3,1,10,4,11,4,4,4,9
280,R,1,1,2,1,1,6,10,7,2,7,6,7,2,7,4,9
1161,A,1,0,3,1,0,7,4,2,0,7,2,8,2,5,1,9
894,B,1,0,1,0,1,7,6,6,4,6,6,7,1,8,6,8
1810,A,3,7,4,5,3,9,4,3,1,8,1,8,2,6,1,9
1499,R,3,5,5,4,3,9,7,4,5,10,5,5,3,7,4,10
1029,B,9,15,5,8,4,9,5,6,6,10,3,9,6,6,7,11
830,A,2,6,4,4,2,12,2,4,3,12,2,10,2,6,3,9
277,P,3,3,5,3,2,6,11,5,2,12,5,2,1,10,3,9
54,A,2,0,3,1,0,7,4,2,0,6,2,8,2,7,0,8
1779,B,6,10,8,7,6,10,8,3,7,11,3,6,3,8,5,11
646,B,1,3,3,2,2,7,8,2,5,10,5,6,2,8,4,8
650,A,3,8,6,5,3,11,2,2,3,9,2,9,3,5,3,8
114,R,4,7,5,5,4,8,9,6,6,8,5,8,3,7,6,11
1481,P,4,6,5,4,4,6,7,6,4,7,6,8,2,8,7,10
1153,A,4,9,4,4,4,9,3,4,2,10,5,11,5,4,4,10
1059,R,7,11,8,8,5,9,7,5,7,8,4,6,3,7,6,11
775,R,2,5,4,3,2,8,7,3,5,10,4,6,2,7,3,10
133,P,4,8,6,7,5,7,10,4,4,12,5,3,1,10,3,8
885,P,6,5,6,7,3,4,13,9,2,10,6,4,1,10,4,8
161,P,4,8,6,7,5,7,7,7,4,8,6,8,3,9,7,9
1325,A,3,8,4,6,3,9,5,2,0,8,1,8,2,6,1,8
1261,R,6,11,9,8,8,9,8,4,6,9,3,6,4,6,4,11
281,A,3,3,5,4,1,9,3,3,2,8,2,9,3,6,2,8
494,P,6,11,5,6,4,5,11,5,4,13,6,4,3,9,4,8
2083,B,0,0,1,0,1,7,8,6,4,7,6,8,1,8,6,8
1387,B,5,10,7,8,7,7,7,8,6,6,6,6,2,8,8,9
537,A,5,9,7,7,4,8,5,3,0,6,1,8,2,7,2,8
1886,P,7,11,9,7,5,6,12,2,6,14,6,2,0,10,3,9
92,P,6,9,6,4,4,8,9,5,3,10,4,5,5,10,5,6
123,P,5,10,7,8,6,5,10,4,5,11,9,4,1,10,4,7
940,B,3,7,4,5,4,7,7,8,5,7,6,7,1,8,7,9
881,P,4,10,5,7,2,3,13,8,2,11,7,3,1,10,4,8
7,R,2,0,2,1,1,6,10,7,2,7,5,8,2,7,4,10
2098,P,4,7,4,5,2,4,12,8,2,11,6,3,1,10,5,8
1306,P,2,3,2,2,0,6,10,5,4,9,7,4,2,9,3,6
57,P,8,9,5,4,3,8,8,5,4,11,4,6,5,9,4,8
271,A,1,2,3,2,1,6,2,2,1,6,3,7,1,6,1,6
1843,B,5,7,8,6,6,6,9,4,6,10,6,6,3,7,6,8
439,R,4,4,5,6,3,6,10,10,5,6,5,8,3,9,5,10
493,R,3,2,4,4,3,7,7,5,5,6,5,7,3,7,6,9
1891,A,2,2,4,2,2,8,2,1,1,6,2,8,2,6,4,7
473,A,5,10,7,8,4,8,2,2,3,6,2,7,5,7,5,8
102,P,7,12,6,7,4,7,10,3,5,13,5,3,3,11,5,6
604,B,6,9,8,7,8,8,8,5,5,9,5,6,4,8,7,11
1643,A,3,8,5,5,3,8,3,2,2,7,1,8,2,6,3,7
786,A,3,5,5,3,2,10,1,2,2,10,2,9,2,6,2,7
127,B,5,7,7,5,7,8,6,5,4,7,6,8,7,9,8,4
633,P,1,1,1,2,1,5,10,5,3,9,6,4,1,11,2,7
1475,P,9,15,7,8,4,5,11,6,2,11,6,4,5,10,4,6
621,R,5,11,6,8,3,5,13,8,3,7,2,9,3,7,6,11
1248,B,4,7,6,5,5,8,6,5,6,9,6,7,3,8,7,9
1854,A,4,8,6,6,3,10,2,2,2,7,1,9,2,8,3,7
810,A,7,12,7,6,4,9,0,3,3,9,4,12,3,5,4,6
580,P,5,8,7,6,6,7,6,6,4,8,6,9,5,8,7,10
158,B,3,6,4,4,3,8,6,6,7,6,6,6,2,8,7,10
694,R,4,6,5,4,3,10,7,3,6,10,3,6,2,7,4,10
43,P,3,4,4,4,2,4,13,8,1,11,6,3,1,10,4,8
290,P,2,3,2,1,1,5,10,2,4,10,8,4,0,9,3,7
2026,P,7,8,9,10,11,8,8,4,3,8,8,7,7,11,7,7
539,P,8,11,10,8,7,9,7,3,6,12,4,5,5,9,5,9
2101,B,3,5,5,4,4,9,6,3,6,10,5,7,2,8,6,10
708,P,4,4,4,4,2,4,14,7,1,11,7,2,1,10,4,8
317,R,5,10,6,8,7,6,7,5,6,6,4,9,3,6,5,8
1835,R,4,7,4,4,4,6,10,7,2,7,4,9,1,7,5,11
2115,P,4,8,7,6,4,5,13,7,3,12,6,1,1,10,4,8
348,R,3,6,4,4,3,6,8,8,4,6,5,7,2,7,5,11
611,B,6,11,8,8,7,8,7,7,7,7,5,6,2,8,8,10
102,B,6,11,6,8,5,6,6,9,7,6,6,7,2,8,9,10
617,B,2,4,4,2,2,9,7,3,5,11,5,7,3,7,4,9
1920,B,3,7,5,5,5,7,8,7,5,7,6,6,2,8,6,10
1654,A,4,9,7,7,4,13,2,4,2,11,1,8,3,7,3,9
150,R,5,8,7,6,6,8,8,7,3,7,4,5,5,7,7,8
1574,B,4,9,5,7,5,7,8,9,6,7,6,6,2,8,8,10
838,R,5,9,5,7,6,6,9,8,3,7,5,8,3,8,5,12
691,B,4,8,5,6,5,7,8,5,4,7,5,7,3,8,6,8
1933,R,3,4,5,2,3,9,8,3,5,9,4,6,2,6,4,10
268,A,5,9,8,6,6,9,5,2,5,8,1,6,3,7,4,7
1706,B,6,10,9,7,7,8,8,5,6,9,5,6,3,7,8,10
293,R,3,5,5,4,6,8,8,4,4,8,4,7,6,7,5,4
690,R,5,10,5,7,6,6,7,5,6,6,3,8,3,6,4,8
215,R,4,10,4,8,5,5,10,7,4,7,4,10,2,7,5,11
1584,B,3,6,4,4,4,6,6,7,5,6,7,7,2,10,7,10
764,R,5,9,6,8,8,7,8,4,4,7,5,8,7,8,6,7
277,R,4,7,6,5,6,8,6,6,3,8,6,8,4,7,7,10
351,P,4,4,5,6,7,8,5,5,2,7,6,7,6,9,6,9
722,P,5,10,7,6,4,7,11,4,5,13,5,3,1,10,3,9
1424,R,4,6,7,4,5,8,8,7,3,8,4,7,4,6,7,9
1930,B,3,9,4,7,3,6,7,11,6,7,6,7,3,8,9,10
717,B,2,0,2,1,1,7,8,6,5,7,6,7,1,8,7,8
759,B,3,2,4,4,4,7,7,5,6,7,6,7,2,8,6,10
105,P,4,10,6,7,5,8,9,2,6,13,5,4,1,10,3,9
155,P,4,10,6,8,5,6,9,6,5,9,7,3,2,11,4,6
1680,B,4,6,5,4,3,8,8,3,6,8,6,5,2,8,7,7
171,R,6,8,7,6,5,10,6,3,5,9,3,8,3,7,4,10
1210,R,4,9,6,7,9,8,9,3,5,5,7,8,5,8,8,7
612,P,5,5,5,8,7,8,6,4,3,7,7,7,6,10,4,6
46,R,3,3,4,4,2,5,11,6,3,7,5,8,3,7,6,11
15,A,7,11,7,6,5,10,3,5,2,10,5,11,7,2,6,10
2085,A,1,0,2,0,0,8,4,2,0,7,2,8,0,6,1,8
326,A,4,9,6,7,2,7,7,3,0,7,0,8,3,7,1,8
58,A,4,6,5,4,5,8,8,3,5,7,8,7,5,10,4,6
626,A,3,8,5,6,4,12,2,3,2,11,2,9,2,6,3,9
1232,B,4,10,5,8,4,6,6,10,7,6,7,8,2,8,9,9
248,A,3,4,3,3,1,10,2,3,2,10,2,10,2,6,2,8
110,P,2,0,1,1,0,5,11,7,2,9,6,4,1,9,3,8
2022,R,4,10,4,6,3,7,11,8,3,7,2,9,3,7,5,10
1114,R,3,6,3,4,2,5,11,7,3,6,3,8,2,7,6,11
1203,B,2,3,2,1,2,7,8,5,5,7,5,6,1,9,5,10
1048,R,5,8,7,6,6,6,7,6,6,6,5,7,3,8,5,8
1182,P,4,8,6,5,5,4,11,4,5,11,9,5,0,10,3,6
661,A,4,5,6,4,4,9,8,4,4,6,7,7,3,9,4,7
2154,R,3,7,6,6,5,7,8,5,6,7,5,7,3,8,4,8
610,A,4,8,8,6,4,9,5,2,5,9,1,6,2,6,3,8
1789,P,5,11,7,8,5,8,8,1,6,13,6,5,1,9,3,9
891,P,6,9,9,7,5,8,11,9,5,10,4,3,2,10,5,7
997,A,3,8,3,6,2,8,3,2,2,7,1,9,2,6,1,7
784,B,3,9,3,7,4,7,8,8,6,6,5,7,2,7,9,9
174,A,6,10,8,8,8,7,7,8,4,7,6,8,4,8,11,2
1131,P,5,9,7,7,4,8,10,2,7,14,5,4,3,9,4,9
434,A,2,2,4,3,2,8,1,2,2,8,2,8,3,6,3,6
447,R,9,10,7,6,4,7,8,5,5,9,4,9,7,5,6,10
128,P,2,4,3,3,1,5,10,5,4,9,7,2,1,9,5,6
821,A,4,9,6,8,6,6,8,1,6,7,8,9,5,11,2,7
1787,R,5,11,7,8,6,8,8,5,6,9,4,8,3,7,5,11
2113,P,3,7,4,4,2,4,13,8,1,11,6,3,2,10,4,8
923,R,2,3,3,1,2,8,8,4,5,10,5,7,2,7,4,10
757,A,6,10,9,8,9,8,7,6,4,7,6,9,6,8,7,4
276,A,1,2,4,4,2,8,2,1,2,7,2,8,2,7,3,7
619,R,6,11,10,8,9,6,8,5,5,6,5,8,3,7,5,9
752,A,2,6,4,4,1,7,5,3,1,6,0,8,2,7,1,8
670,R,4,5,5,4,3,7,8,5,6,6,5,6,6,7,4,8
2136,R,7,13,6,6,5,8,6,3,5,8,4,9,7,9,5,7
75,A,3,8,4,6,3,6,4,2,0,6,2,8,2,6,1,7
1576,R,4,6,3,4,2,6,12,8,3,7,3,9,2,7,4,11
1025,R,4,9,6,6,6,7,10,5,6,8,4,8,3,5,5,11
329,R,3,7,5,5,3,10,7,3,6,10,3,7,3,7,3,10
1244,R,5,5,6,8,3,6,10,10,4,7,5,9,3,8,6,11
261,P,2,3,3,2,1,7,10,3,4,12,5,3,0,9,2,8
2080,R,2,4,5,3,2,8,7,2,4,9,4,6,3,7,3,9
642,B,4,10,5,8,7,7,8,9,6,7,6,7,2,7,9,10
740,B,2,3,3,2,2,8,7,3,5,10,5,7,2,8,4,9
848,P,1,1,1,0,0,5,11,6,0,9,6,5,0,9,2,8
1718,P,4,8,3,7,4,4,13,7,1,11,7,3,1,10,3,8
136,A,3,2,4,4,1,7,6,3,0,7,0,8,2,7,1,7
1273,P,7,9,7,5,4,8,9,4,4,12,6,3,4,11,5,6
1905,B,4,11,5,8,7,6,8,10,6,7,5,7,2,7,8,9
477,A,2,2,4,2,2,8,2,3,2,6,1,9,2,6,2,7
827,B,3,3,3,4,3,7,7,9,6,7,6,7,2,8,9,10
842,P,1,3,3,2,1,6,10,6,2,10,5,3,1,9,3,7
211,R,4,7,6,6,6,8,8,8,3,8,5,6,4,7,7,9
1399,R,3,8,5,6,6,8,8,7,3,8,5,7,4,7,6,11
373,R,1,0,1,0,0,6,10,6,1,7,5,8,1,7,4,10
2132,A,5,13,5,7,4,12,2,4,1,12,3,11,5,3,3,11
1832,P,4,5,5,8,2,3,13,8,2,11,7,3,1,11,4,8
2061,R,4,7,6,5,6,6,8,3,3,6,6,8,6,10,7,5
529,A,4,9,6,7,6,7,8,8,4,6,6,9,3,7,8,4
442,B,3,5,5,3,3,8,7,2,6,10,5,7,2,8,4,10
197,B,4,6,6,4,4,9,8,3,5,7,6,8,6,8,6,9
449,A,4,10,7,8,2,5,6,3,0,5,1,7,3,7,2,7
556,P,9,10,7,5,3,6,11,6,2,11,5,5,4,10,4,8
334,R,5,11,7,8,7,6,9,9,6,6,5,8,2,8,7,9
337,P,5,9,6,8,6,5,10,3,7,10,9,6,4,10,4,7
805,P,1,3,4,2,2,7,9,3,4,12,5,4,1,9,3,8
1847,A,2,5,4,3,2,7,3,1,2,6,2,8,3,5,2,8
451,B,3,5,5,3,4,9,7,3,5,10,5,5,2,8,6,10
10,R,4,9,5,7,5,7,7,5,6,6,5,7,3,7,6,8
415,A,5,12,5,6,3,14,0,4,2,12,3,11,2,4,2,10
1652,P,2,3,4,1,1,8,9,3,4,12,4,3,1,9,2,9
304,P,5,9,5,7,5,5,10,8,3,8,6,5,1,9,6,6
1913,P,5,10,8,8,6,8,10,4,4,13,5,3,1,10,3,8
448,B,3,5,4,3,4,8,7,5,6,6,6,5,3,8,7,10
1896,R,4,8,5,6,6,8,6,6,3,8,6,8,4,7,6,11
1829,R,2,1,3,2,1,7,8,4,5,6,5,7,2,7,4,9
184,B,3,9,6,6,5,6,10,5,6,10,6,5,3,8,8,8
23,B,3,3,4,4,3,6,8,8,6,7,5,7,1,8,8,9
969,B,4,7,5,5,4,8,6,5,6,9,5,6,2,9,6,10
720,R,5,9,5,6,5,9,7,3,6,9,3,8,3,6,4,11
753,P,4,9,5,7,4,5,10,4,5,10,9,4,4,10,4,7
1178,B,3,1,3,2,3,7,6,5,6,7,6,6,4,8,6,10
1005,R,3,6,4,4,4,8,7,7,2,8,4,7,4,8,7,8
684,B,5,10,5,8,4,6,8,9,7,7,6,7,2,8,9,10
1794,B,4,7,5,5,4,8,6,7,7,6,7,5,2,9,8,9
770,B,4,9,4,6,6,6,8,8,6,7,5,7,2,7,7,10
344,R,2,3,2,2,2,6,7,4,5,6,6,7,2,7,3,9
2168,A,2,1,3,2,1,8,2,2,1,7,1,8,2,7,2,7
1830,A,4,6,5,4,5,7,6,7,4,7,6,9,2,9,8,4
1032,A,3,3,5,3,1,7,5,3,0,7,1,8,2,7,2,8
1160,B,5,5,5,8,4,7,9,10,8,7,5,7,2,8,9,10
365,B,8,15,6,8,5,8,6,5,6,10,4,8,6,7,7,10
1223,B,2,3,4,1,2,9,7,2,5,11,5,7,2,8,4,9
4,A,4,9,6,6,4,7,6,3,1,6,1,8,2,7,1,8
1012,B,5,10,6,8,8,8,8,6,6,7,6,6,6,9,6,10
1318,A,3,9,5,7,3,11,3,1,2,9,2,9,3,5,3,8
851,P,1,1,2,1,1,5,10,7,2,10,6,4,1,9,3,8
847,A,5,11,8,8,5,10,1,3,3,8,2,8,4,8,5,9
730,A,2,7,6,5,3,6,4,2,1,4,2,7,2,5,2,6
1660,R,5,7,7,5,4,9,8,4,6,9,4,7,3,7,5,11
1333,P,2,4,3,2,1,5,11,4,4,10,8,3,1,9,2,6
1500,B,3,7,3,6,3,6,8,9,7,7,5,8,2,8,7,9
664,R,5,11,6,8,4,6,9,10,7,6,5,8,3,8,6,10
2018,R,4,9,6,7,6,8,7,7,3,8,5,7,4,7,7,10
711,B,5,9,5,7,7,6,7,8,6,6,7,7,2,7,7,10
1024,P,3,4,3,5,2,4,11,8,3,10,5,4,1,9,3,8
356,R,3,6,4,4,4,8,7,7,3,8,5,7,4,7,7,8
913,B,7,14,5,8,4,7,7,4,5,10,6,9,5,7,7,9
1264,A,2,4,4,5,2,7,5,4,1,7,1,8,2,7,2,8
1989,A,3,8,5,6,3,12,3,3,2,11,1,9,2,5,2,9
85,A,1,1,2,1,0,7,5,3,0,7,1,8,2,7,1,8
1731,B,4,9,4,6,3,6,7,9,7,7,6,6,2,8,9,10
789,B,3,5,4,4,3,7,7,5,5,6,6,6,2,8,6,10
180,A,5,8,9,6,6,6,5,2,4,6,1,6,5,7,4,6
2070,A,3,8,5,6,3,11,2,2,1,9,2,9,2,6,3,7
528,B,5,9,7,7,6,9,7,3,7,10,3,6,2,8,5,10
495,R,3,6,5,4,3,10,7,3,5,11,2,6,3,7,2,10
1691,B,3,5,5,3,3,8,8,3,6,10,7,6,2,8,5,8
1898,A,4,9,3,4,2,13,3,4,1,10,3,10,3,5,4,10
170,B,2,3,3,1,1,9,7,2,5,9,5,7,1,8,4,9
1118,A,2,1,3,1,1,7,4,2,0,7,2,8,3,6,1,8
1697,P,3,6,3,5,2,4,12,7,1,10,6,3,1,10,3,8
1461,A,3,10,5,7,2,8,6,3,1,7,0,8,3,7,1,8
1304,R,3,2,4,3,3,7,8,4,6,6,5,7,3,5,5,8
120,A,7,11,6,6,4,11,1,4,2,11,4,12,5,3,5,11
520,R,6,9,9,7,9,6,7,5,6,7,6,8,6,9,7,5
42,B,3,5,4,3,3,7,7,5,5,7,6,6,2,8,6,9
372,B,1,3,3,1,1,9,7,1,5,10,4,7,1,8,2,8
489,P,5,8,7,6,5,8,9,5,4,11,4,4,2,10,3,8
380,A,2,2,4,3,2,8,2,2,2,8,2,9,2,6,3,7
331,A,4,12,7,8,3,7,5,3,2,6,1,8,3,7,3,7
364,P,1,0,2,0,0,5,10,8,2,9,6,5,1,9,3,8
729,P,2,4,4,4,2,7,9,4,4,12,4,3,0,10,3,8
79,P,3,9,4,7,4,4,12,7,2,10,6,4,1,10,3,8
1134,R,4,10,6,7,6,8,8,6,5,9,5,7,5,7,5,10
718,A,6,7,9,6,6,7,7,3,6,7,9,10,5,10,3,6
1099,R,3,7,3,4,2,5,10,8,4,7,3,9,3,7,5,11
623,P,8,9,6,5,3,7,10,6,5,14,5,4,4,10,4,7
920,A,4,9,6,6,2,9,5,3,1,8,1,8,2,6,2,8
126,B,1,3,3,2,2,8,7,2,4,10,5,7,2,8,3,10
665,P,3,2,3,4,3,6,9,4,4,9,8,4,4,10,3,7
323,B,1,3,3,2,2,7,8,2,4,10,6,6,2,8,4,8
1276,B,5,7,7,5,5,8,6,6,7,9,8,6,3,8,9,7
1992,R,6,8,9,7,9,7,8,3,4,7,5,8,8,7,6,7
115,B,5,9,7,7,5,9,7,4,6,10,5,6,2,8,6,10
1361,A,5,8,6,7,6,8,9,7,4,6,6,8,2,7,7,5
1494,A,2,3,3,2,1,8,1,1,1,8,2,8,2,6,3,8
653,R,5,8,5,6,4,8,8,5,7,6,4,7,3,6,5,8
1381,B,1,3,2,1,1,8,7,2,5,10,5,7,1,8,3,8
2109,R,3,6,5,4,5,7,8,3,4,6,6,9,6,9,7,6
334,P,1,1,2,1,1,5,11,7,1,9,6,4,1,9,3,8
514,A,3,9,5,7,3,13,3,2,3,10,1,9,3,7,2,8
1563,A,3,7,5,5,3,8,2,2,2,7,1,7,2,6,3,7
912,B,6,11,6,8,7,7,8,9,6,6,5,7,2,8,8,10
57,P,1,0,1,0,0,5,10,6,1,9,6,5,1,9,2,7
415,B,4,10,6,8,6,8,7,4,7,5,6,6,6,8,6,10
243,P,5,8,7,6,5,9,8,2,5,13,5,5,3,9,3,9
2084,P,7,15,7,8,5,7,11,3,5,13,6,3,3,10,5,5
1426,A,3,8,5,6,3,10,4,2,2,8,2,10,2,6,3,8
793,R,5,4,5,7,3,5,10,9,3,7,5,8,3,8,6,11
747,R,4,10,6,8,6,7,7,6,6,7,6,7,3,7,5,9
1074,P,4,7,5,6,3,5,12,5,5,11,9,3,0,9,4,6
486,A,2,4,3,2,1,9,2,1,1,8,2,9,1,6,1,8
639,B,3,1,2,2,2,7,7,4,5,6,6,6,2,8,4,10
568,A,2,7,4,5,2,7,4,2,0,6,2,8,2,7,1,7
340,P,7,11,10,9,5,9,8,4,6,12,3,3,2,10,4,9
524,B,2,1,2,2,2,7,8,8,5,7,6,7,2,8,9,9
800,P,3,4,4,5,2,4,13,8,2,11,6,3,1,10,4,8
251,R,3,6,5,4,3,10,7,2,6,10,2,7,3,7,3,10
1912,R,4,11,6,8,6,6,7,6,6,6,5,8,3,6,6,9
87,A,3,4,5,6,2,8,5,4,1,6,1,8,2,7,2,8
2159,R,4,7,4,4,2,5,10,9,4,7,4,8,3,7,6,11
1023,P,4,7,6,5,3,9,8,3,5,13,5,4,1,10,3,9
465,R,3,3,4,3,3,7,8,5,6,6,5,7,3,7,4,8
124,P,1,1,1,1,0,5,11,7,1,10,6,4,0,9,3,8
1058,R,3,6,3,5,3,5,9,7,3,7,5,8,2,7,4,11
242,B,4,9,4,4,3,8,7,3,4,9,6,8,5,7,6,8
527,P,5,9,8,7,4,7,9,6,5,11,5,4,2,10,4,8
1449,B,5,8,7,6,7,8,7,6,6,9,6,6,5,10,7,10
704,R,8,15,6,8,5,7,5,6,5,8,6,9,6,6,8,10
707,A,4,5,5,4,2,10,2,1,2,8,3,9,3,5,3,8
106,R,4,8,6,6,7,9,9,3,5,5,7,8,7,9,7,7
811,A,5,10,9,7,6,7,5,2,4,5,1,6,5,7,5,5
1646,P,2,1,2,1,1,5,11,7,1,8,6,4,1,9,3,8
1876,P,5,10,7,7,6,7,10,6,5,10,9,3,1,10,4,7
986,A,4,9,6,7,5,8,2,1,2,6,2,7,5,6,6,7
2082,A,3,6,5,5,2,9,2,2,2,7,1,8,2,7,3,7
695,P,1,1,2,1,1,5,11,8,2,9,6,4,1,9,3,8
905,B,3,1,3,3,3,7,7,6,5,7,6,6,2,9,6,9
2057,A,4,9,6,7,4,12,3,3,2,10,1,9,2,7,3,8
724,B,4,8,5,6,5,7,7,6,4,6,5,6,3,8,6,6
2088,A,3,10,5,8,4,12,3,1,2,9,2,9,3,6,2,9
1960,A,4,10,6,9,4,9,2,3,3,8,2,8,3,6,4,7
325,B,2,4,4,3,3,8,7,2,5,10,5,5,2,8,5,9
593,P,10,13,9,8,6,9,8,4,5,13,5,4,5,11,6,7
891,R,5,8,7,6,5,8,7,6,6,8,6,8,3,8,6,11
347,P,5,10,7,8,6,8,9,5,4,12,5,4,2,10,3,8
259,A,6,8,8,7,7,8,7,4,5,7,8,6,5,11,4,5
1653,A,3,9,6,6,1,6,4,3,1,6,1,9,2,6,2,7
2059,A,3,6,5,4,3,8,5,2,4,8,2,5,2,6,2,7
206,R,4,11,7,8,6,7,9,5,7,6,5,7,2,6,5,9
74,P,4,7,6,11,11,8,6,5,1,7,5,7,7,9,6,10
254,A,2,6,4,3,2,11,3,2,2,9,2,9,2,6,1,8
581,R,4,3,5,5,3,5,11,8,3,7,5,8,2,7,6,11
1346,P,5,9,5,6,2,4,15,8,1,13,5,2,0,8,4,8
